stem_a,stem_b,distance,same_photographer,split_a,split_b,official_a,official_b
pexels-photo-3873735,pexels-photo-3873743,1,True,train,train,train,train
pexels-photo-8067886,pexels-photo-8067889,1,True,test,test,train,val
pexels-photo-6961120,pexels-photo-6961122,2,True,train,train,train,train
pexels-photo-6140132,pexels-photo-6140134,4,True,test,test,train,val
pexels-photo-7579319,pexels-photo-7579320,4,True,train,train,val,train
pexels-photo-4226207,pexels-photo-4226257,5,True,train,train,train,val
pexels-photo-4349730,pexels-photo-7579367,5,False,train,train,train,train
pexels-photo-5691610,pexels-photo-7659779,5,False,val,train,val,train
pexels-photo-7014669,pexels-photo-7014670,5,True,val,val,val,train
pexels-photo-7579188,pexels-photo-7579190,5,True,train,train,train,train
pexels-photo-7659862,pexels-photo-7659864,5,True,train,train,train,train
pexels-photo-10375931,pexels-photo-10375944,6,True,train,train,train,train
pexels-photo-14189337,pexels-photo-14189341,6,True,train,train,train,train
pexels-photo-2915155,pexels-photo-5272077,6,False,test,val,val,train
pexels-photo-4349730,pexels-photo-4981796,6,False,train,train,train,train
pexels-photo-4349750,pexels-photo-4349950,6,True,train,train,train,train
pexels-photo-4559749,pexels-photo-4559750,6,True,train,train,train,train
pexels-photo-4820775,pexels-photo-4820783,6,True,train,train,train,train
pexels-photo-5691692,pexels-photo-5691694,6,True,val,val,train,train
pexels-photo-6347740,pexels-photo-6348120,6,True,test,test,train,val
pexels-photo-14012679,pexels-photo-14012695,7,True,train,train,train,val
pexels-photo-1411420,pexels-photo-8056308,7,False,train,test,train,train
pexels-photo-3873743,pexels-photo-3873745,7,True,train,train,train,val
pexels-photo-3884133,pexels-photo-3884140,7,True,train,train,train,train
pexels-photo-4481528,pexels-photo-4481529,7,True,train,train,val,train
pexels-photo-4559736,pexels-photo-4559740,7,True,train,train,val,train
pexels-photo-4560058,pexels-photo-4560061,7,True,train,train,train,train
pexels-photo-5025660,pexels-photo-9363139,7,False,train,val,train,val
pexels-photo-5648403,pexels-photo-5691510,7,False,train,val,train,train
pexels-photo-5691692,pexels-photo-7659862,7,False,val,train,train,train
pexels-photo-5862310,pexels-photo-5862313,7,True,train,train,train,train
pexels-photo-6197109,pexels-photo-7475053,7,False,train,train,train,val
pexels-photo-11881295,pexels-photo-8821557,8,False,train,train,train,train
pexels-photo-12357625,pexels-photo-6711360,8,False,val,train,train,train
pexels-photo-12911255,pexels-photo-5301740,8,False,train,val,train,train
pexels-photo-1411420,pexels-photo-5934367,8,False,train,train,train,train
pexels-photo-18316085,pexels-photo-2915155,8,False,val,test,train,val
pexels-photo-18316085,pexels-photo-4820684,8,False,val,train,train,train
pexels-photo-2915155,pexels-photo-6130169,8,False,test,train,val,train
pexels-photo-2915155,pexels-photo-6500689,8,False,test,train,val,train
pexels-photo-3182765,pexels-photo-7688164,8,False,test,train,train,train
pexels-photo-3800149,pexels-photo-6347537,8,False,train,test,train,train
pexels-photo-3801422,pexels-photo-6124239,8,False,train,val,train,train
pexels-photo-3810761,pexels-photo-3873743,8,False,test,train,train,train
pexels-photo-3846251,pexels-photo-8821557,8,False,train,train,train,train
pexels-photo-3863787,pexels-photo-3863788,8,True,train,train,train,train
pexels-photo-3873735,pexels-photo-3873745,8,True,train,train,train,val
pexels-photo-3877440,pexels-photo-5231183,8,False,test,train,train,val
pexels-photo-3877440,pexels-photo-9063401,8,False,test,train,train,train
pexels-photo-4350039,pexels-photo-4350041,8,True,train,train,train,train
pexels-photo-4353602,pexels-photo-4353604,8,True,train,train,val,train
pexels-photo-4492051,pexels-photo-5691552,8,False,train,val,train,val
pexels-photo-4492051,pexels-photo-5691553,8,False,train,val,train,train
pexels-photo-4637726,pexels-photo-4637735,8,True,val,val,val,train
pexels-photo-4981771,pexels-photo-6474488,8,False,train,train,train,train
pexels-photo-4981771,pexels-photo-7475053,8,False,train,train,train,val
pexels-photo-5025643,pexels-photo-6347977,8,False,train,test,train,val
pexels-photo-5409685,pexels-photo-5409686,8,True,train,train,train,train
pexels-photo-5409703,pexels-photo-5409704,8,True,train,train,val,train
pexels-photo-5691550,pexels-photo-8974059,8,False,val,test,train,train
pexels-photo-5691669,pexels-photo-6559883,8,False,val,train,train,train
pexels-photo-5691692,pexels-photo-9363119,8,False,val,val,train,train
pexels-photo-5862313,pexels-photo-9363139,8,False,train,val,train,val
pexels-photo-6130169,pexels-photo-9408430,8,False,train,test,train,train
pexels-photo-6197109,pexels-photo-9363118,8,False,train,val,train,train
pexels-photo-6474488,pexels-photo-7475053,8,False,train,train,train,val
pexels-photo-7075020,pexels-photo-7690160,8,False,train,test,val,train
pexels-photo-7147643,pexels-photo-7147679,8,True,val,val,train,val
pexels-photo-7652045,pexels-photo-7652048,8,True,train,train,train,train
pexels-photo-8134186,pexels-photo-8134194,8,True,val,val,val,train
pexels-photo-10401534,pexels-photo-14557571,9,False,train,train,train,train
pexels-photo-12902922,pexels-photo-12902925,9,True,train,train,train,val
pexels-photo-12903185,pexels-photo-5893077,9,False,train,train,train,val
pexels-photo-12912098,pexels-photo-4226214,9,False,train,train,train,train
pexels-photo-13030034,pexels-photo-5934367,9,False,train,train,train,train
pexels-photo-1411420,pexels-photo-3361230,9,False,train,train,train,train
pexels-photo-1411420,pexels-photo-5532995,9,False,train,train,train,train
pexels-photo-1411420,pexels-photo-6347537,9,False,train,test,train,train
pexels-photo-1445324,pexels-photo-3770291,9,False,test,train,train,val
pexels-photo-18316085,pexels-photo-4494851,9,False,val,train,train,train
pexels-photo-18316085,pexels-photo-5648456,9,False,val,train,train,train
pexels-photo-18998350,pexels-photo-5231183,9,False,test,train,train,val
pexels-photo-209719,pexels-photo-6057911,9,False,train,test,train,val
pexels-photo-2127007,pexels-photo-5207096,9,False,val,train,val,train
pexels-photo-2317640,pexels-photo-3687977,9,False,train,test,train,val
pexels-photo-2317640,pexels-photo-5061269,9,False,train,train,train,train
pexels-photo-2317640,pexels-photo-6961088,9,False,train,train,train,val
pexels-photo-2915155,pexels-photo-3678226,9,False,test,train,val,train
pexels-photo-2915155,pexels-photo-4494851,9,False,test,train,val,train
pexels-photo-2915155,pexels-photo-5722156,9,False,test,train,val,train
pexels-photo-2915155,pexels-photo-6711524,9,False,test,train,val,val
pexels-photo-2915155,pexels-photo-7643794,9,False,test,train,val,train
pexels-photo-320621,pexels-photo-3808818,9,False,val,train,val,train
pexels-photo-3810761,pexels-photo-3873735,9,False,test,train,train,train
pexels-photo-3831890,pexels-photo-8832025,9,False,train,train,train,train
pexels-photo-3877440,pexels-photo-6057911,9,False,test,test,train,val
pexels-photo-3931596,pexels-photo-5691544,9,False,train,val,train,train
pexels-photo-4173230,pexels-photo-5726795,9,False,train,train,train,train
pexels-photo-4349744,pexels-photo-9363139,9,False,train,val,train,val
pexels-photo-4349750,pexels-photo-4349751,9,True,train,train,train,train
pexels-photo-4473489,pexels-photo-4473496,9,True,train,train,val,train
pexels-photo-4487365,pexels-photo-6130169,9,False,train,train,train,train
pexels-photo-4492051,pexels-photo-5691625,9,False,train,val,train,train
pexels-photo-4559759,pexels-photo-6130171,9,False,train,train,train,train
pexels-photo-4560168,pexels-photo-4637726,9,False,train,val,train,val
pexels-photo-4962790,pexels-photo-7532006,9,False,train,val,train,train
pexels-photo-4981771,pexels-photo-5699503,9,False,train,val,train,train
pexels-photo-5089163,pexels-photo-586068,9,False,train,train,train,train
pexels-photo-5089174,pexels-photo-8487376,9,False,train,train,train,train
pexels-photo-5234517,pexels-photo-5234519,9,True,test,test,train,train
pexels-photo-5234518,pexels-photo-5234519,9,True,test,test,train,train
pexels-photo-5273661,pexels-photo-5835322,9,False,test,val,train,train
pexels-photo-5466156,pexels-photo-5974030,9,False,train,train,train,train
pexels-photo-5532995,pexels-photo-8376297,9,False,train,train,train,train
pexels-photo-5649077,pexels-photo-5649081,9,True,train,train,train,train
pexels-photo-5649094,pexels-photo-7019159,9,False,train,train,train,train
pexels-photo-5668876,pexels-photo-7651937,9,False,val,train,train,train
pexels-photo-5691555,pexels-photo-5864548,9,False,val,val,val,val
pexels-photo-5691625,pexels-photo-7659779,9,False,val,train,train,train
pexels-photo-5691694,pexels-photo-7659862,9,False,val,train,train,train
pexels-photo-5699503,pexels-photo-7659778,9,False,val,train,train,train
pexels-photo-5720981,pexels-photo-8691824,9,False,val,train,train,val
pexels-photo-5722156,pexels-photo-989206,9,False,train,train,train,train
pexels-photo-5878523,pexels-photo-7651748,9,False,train,train,train,train
pexels-photo-5967748,pexels-photo-7181173,9,False,test,train,train,train
pexels-photo-5973920,pexels-photo-8293699,9,False,train,train,train,val
pexels-photo-5974328,pexels-photo-8376297,9,False,train,train,train,train
pexels-photo-5974365,pexels-photo-6129683,9,False,train,train,val,train
pexels-photo-6057911,pexels-photo-7739856,9,False,test,test,val,val
pexels-photo-6130169,pexels-photo-6347978,9,False,train,test,train,train
pexels-photo-6964070,pexels-photo-6964072,9,True,train,train,train,train
pexels-photo-7013079,pexels-photo-7013085,9,True,train,train,train,train
pexels-photo-7075021,pexels-photo-7464681,9,False,train,train,val,val
pexels-photo-7278863,pexels-photo-7278870,9,True,test,test,train,train
pexels-photo-7659862,pexels-photo-9363146,9,False,train,val,train,train
pexels-photo-8204944,pexels-photo-8204945,9,True,train,train,train,train
pexels-photo-10130754,pexels-photo-9091949,10,False,train,train,train,val
pexels-photo-10341107,pexels-photo-12911305,10,False,train,train,train,train
pexels-photo-10347143,pexels-photo-8961525,10,False,train,train,train,train
pexels-photo-10401534,pexels-photo-3808818,10,False,train,train,train,train
pexels-photo-10401534,pexels-photo-6347537,10,False,train,test,train,train
pexels-photo-10932215,pexels-photo-4904564,10,False,test,train,train,train
pexels-photo-11386188,pexels-photo-6790092,10,False,train,train,train,val
pexels-photo-11901258,pexels-photo-6197109,10,False,train,train,train,train
pexels-photo-12357625,pexels-photo-18250885,10,False,val,train,train,train
pexels-photo-12357625,pexels-photo-5878523,10,False,val,train,train,train
pexels-photo-12911276,pexels-photo-7014398,10,False,train,val,train,train
pexels-photo-12911305,pexels-photo-5668876,10,False,train,val,train,train
pexels-photo-12912098,pexels-photo-5974058,10,False,train,train,train,train
pexels-photo-13748649,pexels-photo-7979419,10,False,test,train,train,train
pexels-photo-13801593,pexels-photo-6205517,10,False,train,train,train,val
pexels-photo-13978240,pexels-photo-5649094,10,False,test,train,val,train
pexels-photo-13978240,pexels-photo-5711091,10,False,test,train,val,train
pexels-photo-1411420,pexels-photo-2317640,10,False,train,train,train,train
pexels-photo-1411420,pexels-photo-6130171,10,False,train,train,train,train
pexels-photo-14557571,pexels-photo-5324936,10,False,train,train,train,val
pexels-photo-16144870,pexels-photo-8423893,10,False,val,train,train,val
pexels-photo-16552846,pexels-photo-5231186,10,False,train,train,train,train
pexels-photo-17064905,pexels-photo-9062785,10,False,train,train,train,train
pexels-photo-176342,pexels-photo-3855762,10,False,test,train,train,train
pexels-photo-18079568,pexels-photo-7925787,10,False,train,test,train,train
pexels-photo-18250885,pexels-photo-6711360,10,False,train,train,train,train
pexels-photo-18316085,pexels-photo-6124239,10,False,val,val,train,train
pexels-photo-18316085,pexels-photo-6130172,10,False,val,train,train,train
pexels-photo-18381168,pexels-photo-4349730,10,False,train,train,val,train
pexels-photo-18477780,pexels-photo-6559883,10,False,val,train,train,train
pexels-photo-19219094,pexels-photo-3873876,10,False,test,train,train,train
pexels-photo-2127007,pexels-photo-5493667,10,False,val,train,val,train
pexels-photo-2127007,pexels-photo-7475053,10,False,val,train,val,val
pexels-photo-2186572,pexels-photo-443409,10,False,train,test,train,train
pexels-photo-2186572,pexels-photo-6611407,10,False,train,train,train,train
pexels-photo-2186572,pexels-photo-8246485,10,False,train,test,train,train
pexels-photo-2326958,pexels-photo-8942121,10,False,val,train,train,val
pexels-photo-239509,pexels-photo-7006669,10,False,val,train,val,train
pexels-photo-2480481,pexels-photo-7578687,10,False,train,val,train,train
pexels-photo-2574529,pexels-photo-3678228,10,False,val,train,train,val
pexels-photo-2915155,pexels-photo-4544175,10,False,test,train,val,train
pexels-photo-2915155,pexels-photo-6057911,10,False,test,test,val,val
pexels-photo-3361230,pexels-photo-8056308,10,False,train,test,train,train
pexels-photo-3678226,pexels-photo-5722156,10,False,train,train,train,train
pexels-photo-3678226,pexels-photo-5722165,10,False,train,train,train,val
pexels-photo-3680959,pexels-photo-5234514,10,False,val,test,train,train
pexels-photo-3687977,pexels-photo-3861952,10,False,test,val,val,val
pexels-photo-3687977,pexels-photo-7221089,10,False,test,train,val,train
pexels-photo-3736102,pexels-photo-5324933,10,False,train,train,val,train
pexels-photo-3760778,pexels-photo-3760929,10,False,train,val,train,train
pexels-photo-3791116,pexels-photo-5493667,10,False,train,train,train,train
pexels-photo-3791116,pexels-photo-7464681,10,False,train,train,train,val
pexels-photo-3800149,pexels-photo-3932720,10,True,train,train,train,val
pexels-photo-3808818,pexels-photo-6713161,10,False,train,train,train,train
pexels-photo-3808818,pexels-photo-9462669,10,False,train,val,train,train
pexels-photo-3831890,pexels-photo-5721024,10,False,train,val,train,train
pexels-photo-3851254,pexels-photo-8374249,10,False,val,train,train,val
pexels-photo-3855765,pexels-photo-4254166,10,False,train,train,train,train
pexels-photo-3872420,pexels-photo-3872453,10,True,train,train,val,train
pexels-photo-3873734,pexels-photo-6197108,10,False,train,train,val,train
pexels-photo-3873876,pexels-photo-5691539,10,False,train,val,train,train
pexels-photo-3931131,pexels-photo-5878507,10,False,train,train,train,train
pexels-photo-3931602,pexels-photo-6186151,10,False,train,test,train,train
pexels-photo-3931636,pexels-photo-7125436,10,False,train,val,val,train
pexels-photo-4021816,pexels-photo-4021819,10,True,train,train,val,train
pexels-photo-4254170,pexels-photo-4622205,10,False,train,train,train,train
pexels-photo-4254170,pexels-photo-4637726,10,False,train,val,train,val
pexels-photo-4254170,pexels-photo-4637735,10,False,train,val,train,train
pexels-photo-4254172,pexels-photo-4491850,10,False,train,test,train,train
pexels-photo-4254172,pexels-photo-7578747,10,False,train,val,train,train
pexels-photo-4254172,pexels-photo-799871,10,False,train,test,train,val
pexels-photo-4349862,pexels-photo-7690081,10,False,train,test,train,train
pexels-photo-4353584,pexels-photo-8376194,10,False,train,train,train,train
pexels-photo-4491874,pexels-photo-4626457,10,False,test,train,train,val
pexels-photo-4559620,pexels-photo-4559622,10,True,train,train,train,train
pexels-photo-4621910,pexels-photo-6912878,10,False,train,test,train,train
pexels-photo-4622416,pexels-photo-7888763,10,False,train,train,train,val
pexels-photo-4637735,pexels-photo-8056308,10,False,val,test,train,train
pexels-photo-4904564,pexels-photo-6057911,10,False,train,test,train,val
pexels-photo-4981771,pexels-photo-7579367,10,True,train,train,train,train
pexels-photo-4981771,pexels-photo-7659778,10,False,train,train,train,train
pexels-photo-4981772,pexels-photo-7089389,10,False,train,train,val,train
pexels-photo-4981783,pexels-photo-9462669,10,False,train,val,train,train
pexels-photo-5089181,pexels-photo-7014458,10,False,train,val,train,train
pexels-photo-5214994,pexels-photo-7690086,10,False,train,test,train,train
pexels-photo-5272077,pexels-photo-6500689,10,False,val,train,train,train
pexels-photo-5409683,pexels-photo-5409687,10,True,train,train,val,val
pexels-photo-5409761,pexels-photo-6347537,10,False,train,test,train,train
pexels-photo-5410089,pexels-photo-5410090,10,True,train,train,train,val
pexels-photo-5493667,pexels-photo-5691552,10,False,train,val,train,val
pexels-photo-5493667,pexels-photo-7464681,10,False,train,train,train,val
pexels-photo-5532995,pexels-photo-5768107,10,False,train,val,train,train
pexels-photo-5532995,pexels-photo-6347537,10,False,train,test,train,train
pexels-photo-5642030,pexels-photo-5642041,10,True,train,train,train,train
pexels-photo-5647265,pexels-photo-9870139,10,False,train,train,val,val
pexels-photo-5668767,pexels-photo-5668771,10,True,val,val,val,train
pexels-photo-5691552,pexels-photo-5691553,10,True,val,val,val,train
pexels-photo-5691610,pexels-photo-5691692,10,True,val,val,val,train
pexels-photo-5691610,pexels-photo-5691694,10,True,val,val,val,train
pexels-photo-5691610,pexels-photo-7218577,10,False,val,test,val,train
pexels-photo-5691692,pexels-photo-7659864,10,False,val,train,train,train
pexels-photo-5691692,pexels-photo-9363127,10,False,val,val,train,val
pexels-photo-5691694,pexels-photo-7659864,10,False,val,train,train,train
pexels-photo-5710754,pexels-photo-8067933,10,False,train,test,val,val
pexels-photo-5726811,pexels-photo-9241687,10,False,train,train,val,train
pexels-photo-5835322,pexels-photo-6197109,10,False,val,train,train,train
pexels-photo-5846178,pexels-photo-6473978,10,True,train,train,train,train
pexels-photo-586024,pexels-photo-6205581,10,False,train,train,val,train
pexels-photo-586068,pexels-photo-8853512,10,False,train,train,train,val
pexels-photo-5862313,pexels-photo-7579367,10,False,train,train,train,train
pexels-photo-5862315,pexels-photo-7579367,10,False,train,train,val,train
pexels-photo-5878507,pexels-photo-5878510,10,True,train,train,train,train
pexels-photo-5878522,pexels-photo-887827,10,False,train,val,train,train
pexels-photo-5973882,pexels-photo-5973888,10,True,train,train,train,train
pexels-photo-6001560,pexels-photo-8123818,10,False,test,train,train,train
pexels-photo-6129876,pexels-photo-6303550,10,False,train,val,val,train
pexels-photo-6129962,pexels-photo-6129974,10,True,train,train,train,train
pexels-photo-6130194,pexels-photo-6232004,10,False,train,train,val,val
pexels-photo-6205724,pexels-photo-6205726,10,True,train,train,val,train
pexels-photo-6223013,pexels-photo-9462669,10,False,val,val,train,train
pexels-photo-6393022,pexels-photo-7006146,10,False,val,train,train,val
pexels-photo-6474488,pexels-photo-7464681,10,False,train,train,train,val
pexels-photo-6612490,pexels-photo-6851165,10,False,train,test,train,train
pexels-photo-6961120,pexels-photo-6961123,10,True,train,train,train,val
pexels-photo-7035853,pexels-photo-9363127,10,False,val,val,train,val
pexels-photo-7075020,pexels-photo-7075024,10,True,train,train,val,train
pexels-photo-7439768,pexels-photo-7659862,10,False,train,train,train,train
pexels-photo-7475053,pexels-photo-7659778,10,False,train,train,val,train
pexels-photo-7643786,pexels-photo-9870234,10,False,train,train,train,val
pexels-photo-7652176,pexels-photo-7659862,10,True,train,train,train,train
pexels-photo-7652330,pexels-photo-7652345,10,True,train,train,val,train
pexels-photo-7659779,pexels-photo-7659862,10,True,train,train,train,train
pexels-photo-7659864,pexels-photo-9363146,10,False,train,val,train,train
pexels-photo-9241727,pexels-photo-9242269,10,True,train,train,train,train
pexels-photo-9363112,pexels-photo-9363120,10,True,val,val,train,train
pexels-photo-9363119,pexels-photo-9363127,10,True,val,val,train,val
