frame,time_s,track_id,x0,y0,x1,y1,conf,head_side_px,helmet_raw,helmet,vest_raw,vest
0,0.0,1,551.63,318.79,853.14,1073.19,0.89,35.69,sim,indefinido,não,indefinido
0,0.0,2,902.68,253.28,1182.95,1079.53,0.88,39.48,sim,indefinido,sim,indefinido
1,0.03,1,551.7,318.79,853.2,1073.18,0.89,35.65,sim,indefinido,não,indefinido
1,0.03,2,902.76,253.32,1183.02,1079.53,0.88,40.07,sim,indefinido,sim,indefinido
2,0.07,1,554.61,320.3,855.39,1073.51,0.89,36.51,sim,indefinido,não,indefinido
2,0.07,2,902.13,254.56,1182.08,1079.9,0.88,38.99,sim,indefinido,sim,indefinido
3,0.1,1,557.84,322.76,857.55,1074.68,0.9,36.99,sim,indefinido,não,indefinido
3,0.1,2,902.2,257.24,1181.2,1080.01,0.88,38.47,sim,indefinido,sim,indefinido
4,0.13,1,559.24,324.96,857.99,1076.56,0.9,37.58,sim,indefinido,não,indefinido
4,0.13,2,901.63,260.21,1179.12,1079.73,0.87,37.28,sim,indefinido,sim,indefinido
5,0.17,1,559.78,328.55,855.95,1075.51,0.89,36.45,sim,indefinido,não,indefinido
5,0.17,2,902.23,260.93,1178.8,1079.58,0.87,38.18,sim,indefinido,sim,indefinido
6,0.2,1,559.59,332.16,854.64,1078.56,0.91,36.43,sim,sim,não,não
6,0.2,2,903.51,262.22,1178.79,1078.98,0.87,38.29,sim,sim,sim,sim
7,0.23,1,559.67,333.35,853.75,1079.55,0.91,36.43,sim,sim,não,não
7,0.23,2,904.17,262.59,1178.6,1078.84,0.87,38.29,sim,sim,sim,sim
8,0.27,1,559.98,335.0,852.59,1080.16,0.91,36.59,sim,sim,não,não
8,0.27,2,904.0,263.05,1177.26,1079.05,0.86,37.7,sim,sim,sim,sim
9,0.3,1,560.15,336.58,850.88,1079.8,0.91,37.85,sim,sim,não,não
9,0.3,2,903.8,263.26,1175.65,1079.02,0.86,37.28,sim,sim,sim,sim
10,0.33,1,559.52,337.69,848.48,1079.53,0.9,37.28,sim,sim,não,não
10,0.33,2,903.29,263.41,1173.82,1079.66,0.86,37.36,sim,sim,sim,sim
11,0.37,1,557.86,338.27,844.88,1078.48,0.9,37.73,sim,sim,não,não
11,0.37,2,902.69,263.34,1171.54,1079.69,0.86,37.48,sim,sim,sim,sim
12,0.4,1,557.72,338.05,843.51,1078.96,0.91,37.41,sim,sim,não,não
12,0.4,2,902.91,263.22,1169.35,1077.69,0.85,37.41,sim,sim,sim,sim
13,0.43,1,557.99,337.86,842.52,1079.06,0.91,37.47,sim,sim,não,não
13,0.43,2,903.53,263.15,1168.06,1076.93,0.85,37.37,sim,sim,sim,sim
14,0.47,1,557.65,337.55,840.62,1078.57,0.91,37.01,sim,sim,não,não
14,0.47,2,904.17,262.31,1167.16,1075.65,0.85,37.69,sim,sim,sim,sim
15,0.5,1,556.65,336.66,838.66,1078.78,0.91,36.53,sim,sim,não,não
15,0.5,2,905.47,261.9,1163.21,1061.83,0.83,37.08,sim,sim,sim,sim
16,0.53,1,556.16,335.47,837.24,1078.37,0.91,37.16,sim,sim,não,não
16,0.53,2,903.52,261.3,1161.96,1067.36,0.84,37.51,sim,sim,sim,sim
17,0.57,1,554.85,333.89,834.85,1077.68,0.91,37.35,sim,sim,não,não
17,0.57,2,902.3,261.87,1161.17,1070.35,0.84,37.66,sim,sim,sim,sim
18,0.6,1,553.9,332.87,832.61,1077.0,0.91,36.49,sim,sim,não,não
18,0.6,2,902.02,260.68,1158.69,1064.46,0.84,37.75,sim,sim,sim,sim
19,0.63,1,554.0,332.48,831.5,1076.78,0.91,36.45,sim,sim,não,não
19,0.63,2,902.17,260.2,1157.71,1062.45,0.84,37.79,sim,sim,sim,sim
20,0.67,1,553.47,331.68,830.21,1076.52,0.9,36.14,sim,sim,não,não
20,0.67,2,899.35,260.88,1156.92,1071.16,0.84,37.83,sim,sim,sim,sim
21,0.7,1,552.09,331.09,827.22,1073.02,0.89,35.96,sim,sim,não,não
21,0.7,2,898.0,260.76,1154.94,1068.5,0.83,38.11,sim,sim,sim,sim
22,0.73,1,548.51,331.2,823.67,1072.22,0.89,35.8,sim,sim,não,não
22,0.73,2,895.54,260.01,1155.05,1075.34,0.85,37.92,sim,sim,sim,sim
23,0.77,1,548.72,332.38,821.48,1065.79,0.89,35.45,sim,sim,não,não
23,0.77,2,895.54,260.24,1155.43,1074.8,0.86,36.9,sim,sim,sim,sim
24,0.8,1,551.81,332.43,822.12,1059.49,0.9,35.42,sim,sim,não,não
24,0.8,2,895.82,259.54,1155.91,1071.76,0.86,37.61,sim,sim,sim,sim
25,0.83,1,552.93,332.47,822.31,1057.2,0.9,35.4,sim,sim,não,não
25,0.83,2,895.71,259.28,1156.31,1070.49,0.86,37.59,sim,sim,sim,sim
26,0.87,1,554.4,332.91,823.02,1056.01,0.9,35.12,sim,sim,não,não
26,0.87,2,895.79,257.73,1156.79,1068.62,0.86,37.99,sim,sim,sim,sim
27,0.9,1,553.32,333.08,823.7,1062.31,0.9,35.39,sim,sim,não,não
27,0.9,2,893.96,256.62,1155.83,1070.7,0.85,37.72,sim,sim,sim,sim
28,0.93,1,552.0,333.23,824.14,1068.6,0.9,35.41,sim,sim,não,não
28,0.93,2,893.36,255.07,1155.44,1070.12,0.85,36.82,sim,sim,sim,sim
29,0.97,1,550.66,331.37,824.76,1073.14,0.9,35.8,sim,sim,não,não
29,0.97,2,893.09,254.17,1156.43,1073.23,0.85,36.59,sim,sim,sim,sim
30,1.0,1,550.14,331.48,825.11,1075.52,0.9,35.86,sim,sim,não,não
30,1.0,2,891.73,253.8,1155.04,1074.55,0.85,36.88,sim,sim,sim,sim
31,1.03,1,550.0,331.52,825.34,1076.5,0.9,35.83,sim,sim,não,não
31,1.03,2,891.35,253.7,1154.32,1075.11,0.85,36.83,sim,sim,sim,sim
32,1.07,1,550.42,331.48,825.64,1076.87,0.9,36.01,sim,sim,não,não
32,1.07,2,890.85,253.57,1152.31,1073.29,0.84,36.97,sim,sim,sim,sim
33,1.1,1,551.59,331.72,825.64,1073.95,0.9,35.61,sim,sim,não,não
33,1.1,2,891.83,253.17,1151.45,1071.29,0.82,37.2,sim,sim,sim,sim
34,1.13,1,552.46,333.23,826.23,1075.13,0.9,35.4,sim,sim,não,não
34,1.13,2,894.0,253.42,1152.25,1071.21,0.83,37.12,sim,sim,não,sim
35,1.17,1,551.72,334.5,825.6,1077.28,0.9,34.68,sim,sim,não,não
35,1.17,2,896.37,255.03,1153.76,1074.13,0.84,36.52,sim,sim,não,sim
36,1.2,1,551.89,335.85,825.5,1078.77,0.9,35.26,sim,sim,não,não
36,1.2,2,898.71,256.45,1155.16,1077.02,0.84,36.63,sim,sim,sim,sim
37,1.23,1,551.89,336.34,825.25,1079.35,0.9,35.26,sim,sim,não,não
37,1.23,2,900.03,257.01,1155.35,1077.96,0.84,36.55,sim,sim,sim,sim
38,1.27,1,551.86,337.16,824.99,1080.01,0.9,34.8,sim,sim,não,não
38,1.27,2,900.53,258.75,1154.94,1078.19,0.85,36.54,sim,sim,sim,sim
39,1.3,1,553.35,338.63,825.83,1080.09,0.91,34.74,sim,sim,não,não
39,1.3,2,901.95,258.93,1155.57,1079.3,0.85,37.39,sim,sim,sim,sim
40,1.33,1,553.46,341.12,824.47,1079.09,0.91,35.5,sim,sim,não,não
40,1.33,2,902.82,260.24,1154.86,1079.92,0.84,36.93,sim,sim,sim,sim
41,1.37,1,554.23,343.2,824.3,1078.65,0.9,36.13,sim,sim,não,não
41,1.37,2,904.06,262.02,1154.34,1079.64,0.84,36.69,sim,sim,sim,sim
42,1.4,1,554.35,345.48,823.85,1078.65,0.9,36.77,sim,sim,não,não
42,1.4,2,906.6,266.17,1154.39,1079.52,0.84,36.98,sim,sim,sim,sim
43,1.43,1,554.28,346.3,823.67,1078.4,0.9,36.76,sim,sim,não,não
43,1.43,2,907.84,267.74,1154.06,1079.47,0.84,36.99,sim,sim,sim,sim
44,1.47,1,556.18,345.73,826.01,1079.09,0.91,37.62,sim,sim,não,não
44,1.47,2,909.74,271.72,1154.04,1079.95,0.83,36.08,sim,sim,sim,sim
45,1.5,1,558.52,345.92,828.79,1079.79,0.91,37.53,sim,sim,não,não
45,1.5,2,912.46,274.44,1155.08,1080.11,0.83,37.32,sim,sim,sim,sim
46,1.53,1,560.2,345.97,830.69,1080.04,0.92,37.62,sim,sim,não,não
46,1.53,2,914.87,275.54,1155.88,1080.16,0.81,37.91,sim,sim,sim,sim
47,1.57,1,562.25,345.96,832.87,1080.12,0.92,37.38,sim,sim,não,não
47,1.57,2,916.78,277.82,1155.33,1079.34,0.81,36.89,sim,sim,sim,sim
48,1.6,1,565.9,345.51,836.14,1078.87,0.92,37.66,sim,sim,não,não
48,1.6,2,918.18,278.85,1154.72,1079.2,0.81,37.21,sim,sim,sim,sim
49,1.64,1,567.24,345.26,837.31,1078.51,0.92,37.71,sim,sim,não,não
49,1.64,2,919.36,279.24,1154.28,1079.2,0.81,37.15,sim,sim,sim,sim
50,1.67,1,570.24,344.13,840.55,1078.24,0.92,37.7,sim,sim,não,não
50,1.67,2,919.46,279.28,1152.86,1079.67,0.81,37.04,sim,sim,sim,sim
51,1.7,1,573.68,343.95,843.34,1077.23,0.91,37.19,sim,sim,não,não
51,1.7,2,919.16,279.49,1150.95,1078.88,0.79,36.61,sim,sim,sim,sim
52,1.74,1,577.07,343.06,846.33,1076.29,0.9,36.76,sim,sim,não,não
52,1.74,2,919.59,279.2,1149.24,1074.71,0.79,35.93,sim,sim,sim,sim
53,1.77,1,579.74,342.63,848.26,1074.32,0.9,37.26,sim,sim,não,não
53,1.77,2,919.84,278.46,1148.96,1075.29,0.8,36.52,sim,sim,sim,sim
54,1.8,1,583.24,340.28,849.46,1065.61,0.88,37.32,sim,sim,não,não
54,1.8,2,922.2,277.12,1146.63,1056.95,0.79,36.51,sim,sim,sim,sim
55,1.84,1,584.45,339.39,849.9,1062.55,0.88,37.32,sim,sim,não,não
55,1.84,2,923.12,276.59,1145.67,1049.17,0.79,36.49,sim,sim,sim,sim
56,1.87,1,584.84,338.14,852.85,1069.5,0.89,37.55,sim,sim,não,não
56,1.87,2,921.35,276.74,1148.48,1065.92,0.81,36.21,sim,sim,sim,sim
57,1.9,1,588.17,336.6,853.0,1058.35,0.88,37.97,sim,sim,não,não
57,1.9,2,922.55,275.51,1146.13,1050.76,0.78,35.87,sim,sim,sim,sim
58,1.94,1,590.09,335.29,854.3,1055.13,0.88,37.54,sim,sim,não,não
58,1.94,2,921.62,274.18,1146.0,1050.22,0.78,35.77,sim,sim,sim,sim
59,1.97,1,591.69,333.61,855.85,1052.75,0.89,37.74,sim,sim,não,não
59,1.97,2,917.56,271.04,1145.69,1057.9,0.8,36.23,sim,sim,sim,sim
60,2.0,1,593.04,332.29,856.73,1049.55,0.89,36.94,sim,sim,não,não
60,2.0,2,915.93,266.7,1144.04,1049.33,0.81,35.87,sim,sim,sim,sim
61,2.04,1,593.35,331.93,856.96,1048.4,0.89,36.85,sim,sim,não,não
61,2.04,2,915.04,264.96,1143.69,1045.74,0.81,36.66,sim,sim,sim,sim
62,2.07,1,594.06,331.41,857.85,1048.05,0.89,36.79,sim,sim,não,não
62,2.07,2,912.72,263.2,1143.95,1049.45,0.81,36.39,sim,sim,sim,sim
63,2.1,1,594.01,331.04,859.14,1051.47,0.89,37.14,sim,sim,não,não
63,2.1,2,911.81,262.16,1143.64,1045.11,0.83,35.71,sim,sim,sim,sim
64,2.14,1,592.92,330.67,862.96,1066.24,0.89,37.22,sim,sim,não,não
64,2.14,2,909.59,260.42,1143.4,1044.84,0.81,35.52,sim,sim,sim,sim
65,2.17,1,592.73,330.53,864.64,1072.9,0.9,37.01,sim,sim,não,não
65,2.17,2,907.37,259.27,1143.99,1047.32,0.82,35.25,sim,sim,sim,sim
66,2.2,1,595.18,330.4,863.96,1063.54,0.89,37.1,sim,sim,não,não
66,2.2,2,904.13,258.42,1144.66,1052.0,0.81,35.33,sim,sim,sim,sim
67,2.24,1,595.98,330.41,863.65,1059.9,0.89,36.97,sim,sim,não,não
67,2.24,2,902.15,258.12,1145.64,1054.95,0.82,35.36,sim,sim,sim,sim
68,2.27,1,596.24,330.62,864.58,1061.24,0.89,37.69,sim,sim,não,não
68,2.27,2,900.05,258.2,1146.97,1058.86,0.83,35.94,sim,sim,sim,sim
69,2.3,1,596.96,330.79,866.15,1062.88,0.89,37.77,sim,sim,não,não
69,2.3,2,897.32,258.33,1149.03,1065.4,0.83,36.23,sim,sim,não,sim
70,2.34,1,597.6,331.98,868.4,1067.26,0.89,37.18,sim,sim,não,não
70,2.34,2,893.71,258.67,1148.92,1066.3,0.83,36.69,sim,sim,sim,sim
71,2.37,1,598.06,332.55,870.56,1071.12,0.89,37.25,sim,sim,não,não
71,2.37,2,891.03,259.26,1150.49,1070.52,0.83,36.79,sim,sim,sim,sim
72,2.4,1,598.7,333.55,872.99,1075.29,0.89,37.23,sim,sim,não,não
72,2.4,2,883.15,259.44,1148.64,1073.36,0.85,36.24,sim,sim,não,sim
73,2.44,1,598.97,333.96,874.28,1076.8,0.89,37.19,sim,sim,não,não
73,2.44,2,879.59,259.53,1150.19,1074.6,0.85,36.21,sim,sim,sim,sim
74,2.47,1,600.38,335.08,876.55,1077.68,0.9,37.15,sim,sim,não,não
74,2.47,2,875.12,260.42,1149.47,1069.48,0.85,36.86,sim,sim,sim,sim
75,2.5,1,601.25,337.11,877.95,1077.73,0.89,36.42,sim,sim,não,não
75,2.5,2,872.1,262.01,1152.18,1074.66,0.88,36.82,sim,sim,sim,sim
76,2.54,1,603.13,338.95,880.99,1077.51,0.9,36.2,sim,sim,não,não
76,2.54,2,870.9,262.7,1155.06,1075.61,0.88,36.79,sim,sim,sim,sim
77,2.57,1,602.89,340.75,881.94,1078.37,0.89,37.18,sim,sim,não,não
77,2.57,2,869.28,264.35,1156.43,1074.67,0.89,36.88,sim,sim,sim,sim
78,2.6,1,605.89,342.12,887.03,1078.41,0.9,37.03,sim,sim,não,não
78,2.6,2,870.0,267.44,1159.4,1074.96,0.88,35.78,sim,sim,sim,sim
79,2.64,1,606.27,342.62,889.55,1078.4,0.9,37.03,sim,sim,não,não
79,2.64,2,869.51,268.61,1161.43,1075.03,0.88,35.82,sim,sim,sim,sim
80,2.67,1,606.43,343.29,892.13,1079.42,0.91,37.15,sim,sim,não,não
80,2.67,2,870.7,271.18,1164.46,1076.45,0.88,35.58,sim,sim,sim,sim
81,2.7,1,605.45,344.9,892.82,1080.07,0.91,37.44,sim,sim,não,não
81,2.7,2,876.24,273.86,1169.8,1075.79,0.87,36.06,sim,sim,sim,sim
82,2.74,1,604.95,345.89,893.63,1079.8,0.91,37.77,sim,sim,não,não
82,2.74,2,881.63,276.52,1174.22,1074.55,0.87,36.39,sim,sim,sim,sim
83,2.77,1,604.67,347.43,894.54,1080.08,0.91,37.47,sim,sim,não,não
83,2.77,2,887.07,278.42,1178.19,1072.9,0.86,37.3,sim,sim,sim,sim
84,2.8,1,603.06,346.84,894.09,1080.23,0.91,36.58,sim,sim,não,não
84,2.8,2,889.94,279.87,1179.4,1069.71,0.85,36.7,sim,sim,sim,sim
85,2.84,1,602.07,346.36,894.08,1080.27,0.91,36.63,sim,sim,não,não
85,2.84,2,890.72,280.35,1179.56,1068.1,0.85,36.63,sim,sim,sim,sim
86,2.87,1,601.19,344.15,894.76,1080.26,0.91,36.73,sim,sim,não,não
86,2.87,2,891.04,281.7,1179.72,1069.06,0.86,36.21,sim,sim,sim,sim
87,2.9,1,600.58,343.7,894.86,1079.89,0.91,37.69,sim,sim,não,não
87,2.9,2,894.52,282.01,1182.74,1070.72,0.86,36.51,sim,sim,sim,sim
88,2.94,1,599.84,343.17,894.56,1078.78,0.92,37.91,sim,sim,não,não
88,2.94,2,895.69,282.39,1182.78,1069.72,0.87,35.28,sim,sim,sim,sim
89,2.97,1,598.59,341.5,894.01,1077.55,0.91,38.36,sim,sim,não,não
89,2.97,2,897.5,282.04,1183.32,1068.09,0.86,35.41,sim,sim,sim,sim
90,3.0,1,597.48,338.93,894.44,1078.34,0.91,38.22,sim,sim,não,não
90,3.0,2,899.44,281.06,1185.02,1069.84,0.86,35.29,sim,sim,sim,sim
91,3.04,1,597.1,337.95,894.66,1078.5,0.91,38.27,sim,sim,não,não
91,3.04,2,899.7,280.73,1185.0,1071.67,0.86,35.78,sim,sim,sim,sim
92,3.07,1,596.65,339.11,893.56,1077.12,0.91,37.93,sim,sim,não,não
92,3.07,2,906.15,279.43,1180.88,1041.08,0.84,35.67,sim,sim,sim,sim
93,3.1,1,595.87,338.2,892.69,1074.91,0.9,37.74,sim,sim,não,não
93,3.1,2,905.76,279.04,1182.16,1048.21,0.83,35.66,sim,sim,sim,sim
94,3.14,1,595.85,336.73,891.49,1068.41,0.9,37.31,sim,sim,não,não
94,3.14,2,904.45,278.85,1185.89,1068.58,0.85,35.19,sim,sim,sim,sim
95,3.17,1,596.66,335.14,889.59,1056.66,0.9,37.04,sim,sim,não,não
95,3.17,2,904.81,278.59,1184.94,1071.01,0.82,35.61,sim,sim,sim,sim
96,3.2,1,596.44,334.52,889.04,1051.85,0.9,36.83,sim,sim,não,não
96,3.2,2,907.77,277.31,1184.36,1067.63,0.82,35.11,sim,sim,sim,sim
97,3.24,1,595.98,334.32,889.21,1050.11,0.9,36.83,sim,sim,não,não
97,3.24,2,909.66,276.83,1183.36,1066.06,0.82,35.12,sim,sim,sim,sim
98,3.27,1,595.33,335.05,889.67,1050.42,0.9,36.36,sim,sim,não,não
98,3.27,2,913.39,276.49,1182.87,1063.0,0.82,35.11,sim,sim,sim,sim
99,3.3,1,593.59,335.8,891.81,1058.74,0.9,36.41,sim,sim,não,não
99,3.3,2,911.96,275.02,1177.17,1056.21,0.81,35.8,sim,sim,sim,sim
100,3.34,1,591.73,335.89,894.65,1069.44,0.91,36.61,sim,sim,não,não
100,3.34,2,913.07,273.15,1174.19,1048.99,0.83,35.84,sim,sim,sim,sim
101,3.37,1,591.33,334.81,896.32,1072.39,0.91,36.63,sim,sim,não,não
101,3.37,2,913.07,270.59,1171.54,1043.78,0.84,36.38,sim,sim,sim,sim
102,3.4,1,590.76,333.88,896.99,1073.38,0.91,36.44,sim,sim,não,não
102,3.4,2,911.04,269.38,1167.45,1041.38,0.84,36.2,sim,sim,sim,sim
103,3.44,1,590.43,333.55,897.37,1073.77,0.91,36.38,sim,sim,não,não
103,3.44,2,910.7,268.92,1165.49,1040.56,0.84,36.2,sim,sim,sim,sim
104,3.47,1,592.54,335.03,893.33,1056.0,0.89,35.92,sim,sim,não,não
104,3.47,2,910.39,267.29,1164.27,1042.97,0.83,36.63,sim,sim,sim,sim
105,3.5,1,594.99,336.36,890.72,1039.62,0.9,35.25,sim,sim,não,não
105,3.5,2,913.33,265.55,1166.1,1045.81,0.83,36.53,sim,sim,sim,sim
106,3.54,1,594.4,336.97,891.56,1039.46,0.89,36.41,sim,sim,não,não
106,3.54,2,917.17,264.42,1168.46,1049.3,0.83,36.08,sim,sim,sim,sim
107,3.57,1,591.84,337.54,895.47,1053.08,0.9,36.02,sim,sim,não,não
107,3.57,2,921.31,263.11,1171.08,1050.57,0.84,35.55,sim,sim,não,sim
108,3.6,1,590.09,338.88,898.4,1063.95,0.91,35.53,sim,sim,não,não
108,3.6,2,922.94,262.58,1171.59,1054.56,0.85,35.77,sim,sim,não,sim
109,3.64,1,589.05,339.33,899.89,1069.16,0.91,35.45,sim,sim,não,não
109,3.64,2,924.5,262.35,1171.35,1056.02,0.85,35.9,sim,sim,não,sim
110,3.67,1,588.08,340.82,900.34,1073.29,0.92,35.8,sim,sim,não,não
110,3.67,2,923.67,262.84,1170.03,1062.9,0.85,36.6,sim,sim,não,sim
111,3.7,1,587.72,340.24,901.28,1075.54,0.92,36.03,sim,sim,não,não
111,3.7,2,923.28,263.94,1169.53,1071.53,0.85,36.85,sim,sim,sim,sim
112,3.74,1,587.96,341.99,901.58,1077.33,0.92,36.3,sim,sim,não,não
112,3.74,2,923.58,264.82,1168.67,1076.34,0.85,37.11,sim,sim,sim,sim
113,3.77,1,588.33,343.72,900.6,1076.43,0.91,36.72,sim,sim,não,não
113,3.77,2,924.32,265.84,1167.36,1077.86,0.85,37.48,sim,sim,sim,sim
114,3.8,1,590.14,344.57,901.51,1075.38,0.92,37.29,sim,sim,não,não
114,3.8,2,925.14,268.04,1165.6,1077.57,0.85,37.36,sim,sim,sim,sim
115,3.84,1,590.84,344.88,901.8,1074.88,0.91,37.3,sim,sim,não,não
115,3.84,2,925.96,268.87,1164.51,1077.42,0.85,37.34,sim,sim,sim,sim
116,3.87,1,591.32,346.52,901.37,1075.22,0.91,36.53,sim,sim,não,não
116,3.87,2,926.74,270.24,1163.68,1077.28,0.85,36.79,sim,sim,sim,sim
117,3.9,1,591.79,347.98,899.59,1072.64,0.9,36.55,sim,sim,não,não
117,3.9,2,926.76,271.47,1162.02,1077.06,0.85,37.0,sim,sim,sim,sim
118,3.94,1,592.18,347.05,898.26,1069.84,0.89,35.81,sim,sim,não,não
118,3.94,2,927.14,274.25,1160.08,1076.74,0.84,36.91,sim,sim,sim,sim
119,3.97,1,593.12,346.89,897.99,1069.13,0.89,34.62,sim,sim,não,não
119,3.97,2,928.85,277.36,1159.35,1076.1,0.84,36.76,sim,sim,sim,sim
120,4.0,1,595.27,345.82,900.66,1071.86,0.91,36.65,sim,sim,não,não
120,4.0,2,930.96,279.63,1159.02,1073.3,0.84,36.91,sim,sim,sim,sim
121,4.04,1,596.92,345.38,902.24,1073.34,0.91,36.67,sim,sim,não,não
121,4.04,2,932.08,280.45,1158.56,1071.9,0.84,36.89,sim,sim,sim,sim
122,4.07,1,599.59,345.41,904.13,1074.17,0.91,37.06,sim,sim,não,não
122,4.07,2,933.33,282.07,1157.98,1070.42,0.84,37.47,sim,sim,sim,sim
123,4.1,1,602.51,344.76,906.89,1075.86,0.92,37.48,sim,sim,não,não
123,4.1,2,936.56,282.69,1156.91,1056.78,0.85,37.53,sim,sim,sim,sim
124,4.14,1,606.59,343.4,909.3,1072.61,0.92,35.7,sim,sim,não,não
124,4.14,2,937.15,283.25,1155.98,1053.45,0.84,37.45,sim,sim,sim,sim
125,4.17,1,607.57,342.47,909.15,1071.83,0.91,36.31,sim,sim,não,não
125,4.17,2,935.44,284.56,1156.1,1064.66,0.84,38.02,sim,sim,sim,sim
126,4.2,1,613.11,340.93,905.12,1046.44,0.91,35.72,sim,sim,não,não
126,4.2,2,934.43,284.82,1155.05,1068.31,0.84,38.13,sim,sim,sim,sim
127,4.24,1,615.03,340.33,903.65,1037.09,0.91,35.72,sim,sim,não,não
127,4.24,2,934.28,284.88,1154.34,1069.62,0.84,38.14,sim,sim,sim,sim
128,4.27,1,617.22,338.96,904.1,1030.7,0.92,34.93,sim,sim,não,não
128,4.27,2,934.37,284.21,1154.28,1070.74,0.84,37.57,sim,sim,sim,sim
129,4.3,1,617.98,337.03,906.01,1031.84,0.92,35.14,sim,sim,não,não
129,4.3,2,934.4,283.47,1153.44,1067.99,0.84,37.8,sim,sim,sim,sim
130,4.34,1,617.12,335.09,910.78,1045.7,0.92,35.8,sim,sim,não,não
130,4.34,2,934.1,282.66,1152.55,1066.19,0.84,37.97,sim,sim,sim,sim
131,4.37,1,618.8,334.2,911.33,1043.5,0.92,35.53,sim,sim,não,não
131,4.37,2,935.93,281.13,1150.19,1049.05,0.83,37.66,sim,sim,sim,sim
132,4.4,1,620.35,333.16,913.06,1043.47,0.92,35.44,sim,sim,não,não
132,4.4,2,935.87,279.6,1148.56,1040.41,0.82,38.33,sim,sim,sim,sim
133,4.44,1,621.07,332.82,913.7,1043.4,0.92,35.94,sim,sim,não,não
133,4.44,2,935.81,279.05,1147.95,1036.55,0.83,38.3,sim,sim,sim,sim
134,4.47,1,621.35,332.94,913.38,1043.3,0.92,35.66,sim,sim,não,não
134,4.47,2,937.22,278.37,1147.83,1026.78,0.83,37.33,sim,sim,sim,sim
135,4.5,1,621.62,332.68,913.31,1044.08,0.92,35.74,sim,sim,não,não
135,4.5,2,936.97,277.49,1147.76,1023.76,0.83,37.4,sim,sim,sim,sim
136,4.54,1,621.94,332.67,915.07,1048.93,0.91,35.42,sim,sim,não,não
136,4.54,2,935.83,276.61,1149.58,1030.7,0.83,37.19,sim,sim,sim,sim
137,4.57,1,621.7,333.44,915.21,1052.27,0.91,35.65,sim,sim,não,não
137,4.57,2,934.67,275.16,1150.44,1033.04,0.84,35.99,sim,sim,sim,sim
138,4.6,1,621.35,333.68,914.71,1054.05,0.92,36.09,sim,sim,não,não
138,4.6,2,933.87,273.44,1152.05,1037.08,0.84,36.82,sim,sim,sim,sim
139,4.64,1,621.4,333.8,914.29,1054.77,0.92,36.08,sim,sim,não,não
139,4.64,2,933.34,272.8,1152.82,1038.61,0.84,36.81,sim,sim,sim,sim
140,4.67,1,621.9,333.91,916.09,1059.13,0.92,36.37,sim,sim,não,não
140,4.67,2,935.3,271.51,1156.54,1038.65,0.86,36.36,sim,sim,sim,sim
141,4.7,1,621.89,335.38,917.28,1064.81,0.91,36.37,sim,sim,não,não
141,4.7,2,934.61,270.36,1157.19,1037.2,0.85,36.62,sim,sim,sim,sim
142,4.74,1,621.0,336.44,918.1,1072.49,0.92,36.83,sim,sim,não,não
142,4.74,2,930.41,269.09,1154.81,1039.04,0.85,36.7,sim,sim,sim,sim
143,4.77,1,621.6,336.48,919.37,1075.44,0.92,37.13,sim,sim,não,não
143,4.77,2,930.0,267.91,1157.77,1043.24,0.85,37.08,sim,sim,sim,sim
144,4.8,1,622.61,337.48,920.27,1076.12,0.92,37.01,sim,sim,não,não
144,4.8,2,927.18,266.82,1157.28,1045.76,0.84,37.19,sim,sim,sim,sim
145,4.84,1,623.19,337.82,920.87,1076.31,0.92,36.94,sim,sim,não,não
145,4.84,2,925.87,266.46,1157.47,1046.64,0.84,37.23,sim,sim,sim,sim
146,4.87,1,624.67,340.17,922.24,1077.66,0.92,36.62,sim,sim,não,não
146,4.87,2,925.97,266.41,1160.07,1049.63,0.84,37.09,sim,sim,sim,sim
147,4.9,1,625.21,341.55,922.6,1077.21,0.91,36.22,sim,sim,não,não
147,4.9,2,925.54,266.55,1162.26,1051.47,0.84,37.05,sim,sim,sim,sim
148,4.94,1,624.86,344.64,922.1,1077.9,0.91,35.52,sim,sim,não,não
148,4.94,2,924.88,266.48,1164.08,1050.84,0.85,36.72,sim,sim,sim,sim
149,4.97,1,624.53,344.99,923.08,1079.34,0.92,36.1,sim,sim,não,não
149,4.97,2,923.26,267.01,1166.18,1054.07,0.86,36.53,sim,sim,sim,sim
150,5.0,1,624.29,345.76,923.36,1079.95,0.92,36.01,sim,sim,não,não
150,5.0,2,918.01,268.71,1165.76,1061.39,0.85,36.57,sim,sim,sim,sim
151,5.04,1,623.93,346.03,923.48,1080.17,0.92,36.0,sim,sim,não,não
151,5.04,2,915.3,269.37,1166.39,1063.91,0.85,36.59,sim,sim,sim,sim
152,5.07,1,624.22,347.64,923.61,1079.92,0.92,36.26,sim,sim,não,não
152,5.07,2,911.97,269.92,1168.2,1072.98,0.86,36.51,sim,sim,sim,sim
153,5.11,1,624.87,350.63,923.53,1080.33,0.92,36.79,sim,sim,não,não
153,5.11,2,913.94,272.58,1171.95,1074.66,0.86,36.14,sim,sim,sim,sim
154,5.14,1,625.35,353.2,923.05,1080.44,0.92,36.19,sim,sim,não,não
154,5.14,2,915.72,274.58,1175.49,1077.17,0.87,36.32,sim,sim,sim,sim
155,5.17,1,625.92,355.55,922.67,1080.45,0.92,36.05,sim,sim,não,não
155,5.17,2,916.1,276.38,1177.69,1079.85,0.88,35.6,sim,sim,sim,sim
156,5.21,1,625.63,356.41,921.72,1079.95,0.92,36.32,sim,sim,não,não
156,5.21,2,915.74,278.06,1178.61,1080.78,0.89,35.52,sim,sim,sim,sim
157,5.24,1,625.57,356.77,921.38,1079.76,0.92,36.32,sim,sim,não,não
157,5.24,2,915.3,278.67,1179.45,1081.03,0.89,35.67,sim,sim,sim,sim
158,5.27,1,625.67,357.5,921.22,1079.84,0.92,35.69,sim,sim,não,não
158,5.27,2,914.72,280.38,1179.44,1079.92,0.89,36.15,sim,sim,sim,sim
159,5.31,1,625.15,358.49,919.45,1078.64,0.92,35.93,sim,sim,não,não
159,5.31,2,914.44,282.35,1179.36,1078.16,0.88,36.65,sim,sim,sim,sim
160,5.34,1,624.14,355.24,918.82,1077.64,0.92,36.0,sim,sim,não,não
160,5.34,2,914.71,283.84,1178.4,1071.56,0.87,36.37,sim,sim,sim,sim
161,5.37,1,622.97,354.13,917.01,1076.38,0.91,35.89,sim,sim,não,não
161,5.37,2,914.89,284.85,1177.39,1065.15,0.87,36.78,sim,sim,sim,sim
162,5.41,1,620.83,351.94,915.28,1077.3,0.92,36.05,sim,sim,não,não
162,5.41,2,914.75,286.36,1179.44,1071.43,0.88,36.05,sim,sim,sim,sim
163,5.44,1,620.07,351.03,914.2,1077.63,0.92,36.04,sim,sim,não,não
163,5.44,2,914.63,286.93,1180.3,1073.39,0.88,36.04,sim,sim,sim,sim
164,5.47,1,619.54,349.85,912.59,1075.5,0.92,36.21,sim,sim,não,não
164,5.47,2,915.41,287.64,1181.33,1073.87,0.88,37.51,sim,sim,sim,sim
165,5.51,1,618.8,348.47,910.85,1073.28,0.92,36.07,sim,sim,não,não
165,5.51,2,916.19,287.91,1181.83,1072.45,0.88,36.84,sim,sim,sim,sim
166,5.54,1,617.72,348.22,908.78,1072.49,0.92,35.83,sim,sim,não,não
166,5.54,2,916.36,287.69,1182.15,1072.64,0.88,37.17,sim,sim,sim,sim
167,5.57,1,617.73,347.51,904.9,1063.2,0.91,35.36,sim,sim,não,não
167,5.57,2,917.95,287.44,1182.97,1070.75,0.88,37.47,sim,sim,sim,sim
168,5.61,1,617.15,346.1,903.36,1060.72,0.91,35.82,sim,sim,não,não
168,5.61,2,918.84,287.46,1183.46,1071.16,0.88,37.54,sim,sim,sim,sim
169,5.64,1,617.15,345.48,902.74,1059.77,0.91,35.78,sim,sim,não,não
169,5.64,2,919.33,287.42,1183.58,1071.37,0.88,37.53,sim,sim,sim,sim
170,5.67,1,616.38,344.46,902.15,1061.21,0.91,36.18,sim,sim,não,não
170,5.67,2,922.76,287.2,1185.52,1069.7,0.87,36.53,sim,sim,sim,sim
171,5.71,1,614.13,343.9,901.97,1069.12,0.91,36.12,sim,sim,não,não
171,5.71,2,924.53,287.18,1185.86,1067.78,0.86,36.49,sim,sim,sim,sim
172,5.74,1,612.84,344.2,901.15,1073.94,0.91,36.22,sim,sim,não,não
172,5.74,2,926.37,287.44,1186.73,1067.78,0.86,36.49,sim,sim,sim,sim
173,5.77,1,611.81,344.89,899.34,1075.61,0.91,36.18,sim,sim,não,não
173,5.77,2,927.27,287.33,1187.79,1071.61,0.86,36.41,sim,sim,sim,sim
174,5.81,1,611.53,346.21,897.65,1075.61,0.91,36.03,sim,sim,não,não
174,5.81,2,928.14,286.76,1187.93,1072.68,0.86,36.85,sim,sim,sim,sim
175,5.84,1,611.72,346.79,896.79,1075.58,0.91,36.0,sim,sim,não,não
175,5.84,2,928.87,286.53,1187.62,1072.68,0.86,36.86,sim,sim,sim,sim
176,5.87,1,612.23,347.97,896.03,1075.28,0.91,35.77,sim,sim,não,não
176,5.87,2,930.23,286.57,1186.71,1069.03,0.86,36.76,sim,sim,sim,sim
177,5.91,1,614.29,349.76,892.7,1062.65,0.89,35.56,sim,sim,não,não
177,5.91,2,932.14,286.56,1185.72,1062.52,0.86,35.05,sim,sim,sim,sim
178,5.94,1,613.66,351.99,893.12,1069.02,0.9,35.53,sim,sim,não,não
178,5.94,2,935.31,285.97,1184.56,1052.43,0.85,36.04,sim,sim,sim,sim
179,5.97,1,612.5,353.91,892.79,1075.15,0.91,35.67,sim,sim,não,não
179,5.97,2,935.14,286.16,1182.4,1047.98,0.84,36.97,sim,sim,sim,sim
180,6.01,1,612.78,355.39,892.74,1077.95,0.91,35.51,sim,sim,não,não
180,6.01,2,936.93,286.42,1183.1,1044.74,0.84,36.77,sim,sim,sim,sim
181,6.04,1,613.1,355.92,892.48,1078.94,0.91,35.54,sim,sim,não,não
181,6.04,2,937.53,286.5,1183.36,1043.59,0.84,36.82,sim,sim,sim,sim
182,6.07,1,613.89,356.97,892.75,1079.9,0.91,35.29,sim,sim,não,não
182,6.07,2,938.82,284.24,1183.26,1039.63,0.84,34.75,sim,sim,sim,sim
183,6.11,1,614.0,358.51,891.86,1080.23,0.9,36.14,sim,sim,não,não
183,6.11,2,939.17,283.77,1182.68,1040.41,0.83,35.2,sim,sim,sim,sim
184,6.14,1,614.52,359.9,891.42,1080.33,0.9,37.14,sim,sim,não,não
184,6.14,2,940.45,284.28,1184.55,1043.5,0.84,35.16,sim,sim,sim,sim
185,6.17,1,615.23,360.6,891.1,1080.34,0.9,37.78,sim,sim,não,não
185,6.17,2,940.97,284.39,1186.73,1048.7,0.85,34.83,sim,sim,sim,sim
186,6.21,1,616.66,361.59,891.38,1079.54,0.9,38.14,sim,sim,não,não
186,6.21,2,940.19,284.67,1187.35,1053.93,0.85,34.3,sim,sim,sim,sim
187,6.24,1,617.32,361.96,891.34,1079.17,0.9,38.13,sim,sim,não,não
187,6.24,2,939.97,284.77,1187.56,1055.93,0.85,34.3,sim,sim,sim,sim
188,6.27,1,618.68,362.84,892.09,1079.84,0.9,38.07,sim,sim,não,não
188,6.27,2,939.39,284.67,1187.49,1058.18,0.85,35.34,sim,sim,sim,sim
189,6.31,1,620.94,363.46,893.58,1080.08,0.9,37.64,sim,sim,não,não
189,6.31,2,938.24,284.08,1187.98,1064.02,0.85,35.93,sim,sim,sim,sim
190,6.34,1,623.88,363.66,895.38,1080.11,0.9,37.46,sim,sim,não,não
190,6.34,2,936.64,283.89,1187.74,1070.57,0.85,36.28,sim,sim,sim,sim
191,6.37,1,626.77,363.6,896.9,1080.15,0.89,37.24,sim,sim,não,não
191,6.37,2,935.57,285.24,1186.11,1075.47,0.85,36.25,sim,sim,sim,sim
192,6.41,1,629.22,362.4,897.79,1078.43,0.89,37.28,sim,sim,não,não
192,6.41,2,936.19,285.86,1186.23,1076.7,0.86,36.18,sim,sim,sim,sim
193,6.44,1,630.53,362.03,897.76,1077.82,0.89,37.28,sim,sim,não,não
193,6.44,2,936.25,286.05,1185.74,1077.14,0.85,36.12,sim,sim,sim,sim
194,6.47,1,631.85,361.45,897.69,1076.69,0.88,36.69,sim,sim,não,não
194,6.47,2,936.49,287.04,1184.86,1075.79,0.86,36.53,sim,sim,sim,sim
195,6.51,1,633.03,359.8,898.17,1076.12,0.89,36.66,sim,sim,não,não
195,6.51,2,937.59,288.22,1184.53,1073.11,0.86,36.25,sim,sim,sim,sim
196,6.54,1,633.9,358.64,898.06,1074.7,0.88,36.88,sim,sim,não,não
196,6.54,2,937.44,290.02,1183.14,1073.09,0.85,36.25,sim,sim,sim,sim
197,6.57,1,634.87,358.08,897.51,1071.66,0.88,36.79,sim,sim,não,não
197,6.57,2,938.81,290.5,1183.99,1072.6,0.86,36.38,sim,sim,sim,sim
198,6.61,1,635.66,357.19,897.55,1070.2,0.89,36.9,sim,sim,não,não
198,6.61,2,939.78,293.0,1183.97,1072.53,0.86,36.66,sim,sim,sim,sim
199,6.64,1,636.07,356.87,897.39,1069.69,0.89,36.89,sim,sim,não,não
199,6.64,2,940.25,293.88,1183.99,1072.52,0.86,36.61,sim,sim,sim,sim
200,6.67,1,638.31,356.1,895.89,1058.3,0.88,36.21,sim,sim,não,não
200,6.67,2,941.07,294.91,1184.31,1072.47,0.85,37.0,sim,sim,sim,sim
201,6.71,1,639.92,354.25,896.47,1053.76,0.88,36.6,sim,sim,não,não
201,6.71,2,941.67,295.56,1184.28,1072.46,0.85,36.88,sim,sim,sim,sim
202,6.74,1,640.5,353.06,896.39,1050.9,0.88,36.93,sim,sim,não,não
202,6.74,2,941.76,296.75,1183.78,1072.74,0.85,36.72,sim,sim,sim,sim
203,6.77,1,640.8,351.55,896.89,1050.3,0.89,37.18,sim,sim,não,não
203,6.77,2,941.98,298.69,1183.79,1074.03,0.85,36.57,sim,sim,sim,sim
204,6.81,1,640.4,350.32,898.39,1055.1,0.89,37.7,sim,sim,não,não
204,6.81,2,942.27,299.57,1183.89,1074.94,0.85,36.15,sim,sim,sim,sim
205,6.84,1,640.4,349.88,899.58,1058.72,0.89,36.89,sim,sim,não,não
205,6.84,2,942.2,299.74,1183.34,1074.16,0.85,35.98,sim,sim,sim,sim
206,6.87,1,640.48,349.73,899.9,1059.95,0.89,36.88,sim,sim,não,não
206,6.87,2,942.28,299.77,1183.14,1073.92,0.85,35.98,sim,sim,sim,sim
207,6.91,1,641.17,349.23,899.25,1055.72,0.89,37.51,sim,sim,não,não
207,6.91,2,941.05,299.34,1181.52,1072.43,0.85,36.57,sim,sim,sim,sim
208,6.94,1,640.91,349.25,898.54,1054.57,0.89,37.38,sim,sim,não,não
208,6.94,2,941.79,297.57,1182.39,1071.05,0.85,36.34,sim,sim,sim,sim
209,6.97,1,640.38,349.17,898.15,1055.14,0.89,37.7,sim,sim,não,não
209,6.97,2,943.37,297.24,1183.44,1068.36,0.85,36.49,sim,sim,sim,sim
210,7.01,1,638.99,349.29,897.68,1057.95,0.89,37.55,sim,sim,não,não
210,7.01,2,946.19,295.96,1186.27,1065.55,0.85,37.11,sim,sim,sim,sim
211,7.04,1,637.64,350.02,896.87,1060.59,0.89,37.44,sim,sim,não,não
211,7.04,2,946.29,295.25,1187.25,1066.67,0.85,37.13,sim,sim,sim,sim
212,7.07,1,637.21,350.23,896.56,1061.6,0.89,37.42,sim,sim,não,não
212,7.07,2,946.09,294.97,1187.55,1067.41,0.85,37.18,sim,sim,sim,sim
213,7.11,1,636.42,351.24,896.06,1063.88,0.89,37.07,sim,sim,não,não
213,7.11,2,947.44,294.36,1190.04,1070.24,0.85,36.54,sim,sim,sim,sim
214,7.14,1,635.3,353.07,896.11,1069.92,0.89,37.07,sim,sim,não,não
214,7.14,2,946.45,293.17,1189.49,1069.97,0.84,36.15,sim,sim,sim,sim
215,7.17,1,634.45,354.12,895.75,1073.78,0.89,36.94,sim,sim,não,não
215,7.17,2,946.47,291.52,1190.24,1069.71,0.85,36.16,sim,sim,sim,sim
216,7.21,1,634.28,356.01,895.04,1075.31,0.88,36.62,sim,sim,não,não
216,7.21,2,947.57,290.72,1190.45,1064.18,0.85,36.24,sim,sim,sim,sim
217,7.24,1,633.98,357.17,894.37,1076.57,0.88,37.7,sim,sim,não,não
217,7.24,2,949.86,289.65,1191.21,1054.09,0.86,36.14,sim,sim,sim,sim
218,7.27,1,633.99,357.57,894.02,1076.98,0.89,37.71,sim,sim,não,não
218,7.27,2,951.57,289.67,1192.15,1047.68,0.86,36.15,sim,sim,sim,sim
219,7.31,1,634.21,358.47,893.76,1077.28,0.88,37.9,sim,sim,não,não
219,7.31,2,950.97,289.39,1192.51,1045.59,0.86,36.48,sim,sim,sim,sim
220,7.34,1,633.71,359.54,892.52,1077.78,0.88,36.92,sim,sim,não,não
220,7.34,2,952.91,287.74,1195.08,1041.74,0.86,35.42,sim,sim,sim,sim
221,7.37,1,632.83,359.63,891.41,1078.28,0.88,36.12,sim,sim,não,não
221,7.37,2,953.88,287.33,1196.61,1040.99,0.86,35.42,sim,sim,sim,sim
222,7.41,1,631.86,361.15,889.34,1078.26,0.88,36.06,sim,sim,não,não
222,7.41,2,954.06,286.45,1198.51,1043.83,0.86,35.25,sim,sim,sim,sim
223,7.44,1,630.93,361.09,887.71,1077.97,0.88,36.89,sim,sim,não,não
223,7.44,2,953.22,285.35,1199.48,1046.19,0.86,34.85,sim,sim,sim,sim
224,7.47,1,630.77,361.09,886.92,1077.73,0.88,36.89,sim,sim,não,não
224,7.47,2,952.39,284.93,1199.81,1047.2,0.86,34.96,sim,sim,sim,sim
225,7.51,1,630.89,361.11,887.0,1078.29,0.88,37.5,sim,sim,não,não
225,7.51,2,952.99,281.65,1202.63,1049.23,0.86,34.64,sim,sim,sim,sim
226,7.54,1,629.6,358.63,886.28,1078.68,0.88,37.6,sim,sim,não,não
226,7.54,2,952.21,281.48,1202.58,1047.76,0.85,34.9,sim,sim,sim,sim
227,7.57,1,629.09,357.9,885.17,1077.4,0.88,37.15,sim,sim,não,não
227,7.57,2,952.37,280.57,1204.67,1050.41,0.85,34.99,sim,sim,sim,sim
228,7.61,1,629.33,358.21,884.8,1075.96,0.88,36.93,sim,sim,não,não
228,7.61,2,951.54,279.79,1207.22,1057.09,0.85,34.95,sim,sim,sim,sim
229,7.64,1,628.34,356.83,884.04,1075.58,0.88,36.84,sim,sim,não,não
229,7.64,2,951.31,279.26,1209.72,1061.2,0.85,35.63,sim,sim,sim,sim
230,7.67,1,627.87,356.34,883.55,1075.49,0.88,36.84,sim,sim,não,não
230,7.67,2,950.89,279.14,1210.93,1062.74,0.85,35.65,sim,sim,sim,sim
231,7.71,1,626.47,356.61,880.87,1072.87,0.88,36.86,sim,sim,não,não
231,7.71,2,951.77,278.91,1213.66,1066.38,0.85,35.23,sim,sim,sim,sim
232,7.74,1,627.15,356.92,877.07,1059.1,0.86,35.52,sim,sim,não,não
232,7.74,2,952.58,279.1,1214.61,1064.67,0.84,35.64,sim,sim,sim,sim
233,7.77,1,627.74,356.18,873.95,1045.16,0.87,35.02,sim,sim,não,não
233,7.77,2,950.42,278.56,1216.25,1072.63,0.86,35.02,sim,sim,sim,sim
234,7.81,1,626.86,354.39,873.84,1043.2,0.88,34.47,sim,sim,não,não
234,7.81,2,950.37,278.76,1215.95,1068.93,0.85,34.42,sim,sim,sim,sim
235,7.84,1,625.08,353.47,873.62,1045.01,0.88,34.31,sim,sim,não,não
235,7.84,2,950.62,277.85,1218.61,1072.62,0.86,34.19,sim,sim,sim,sim
236,7.87,1,624.21,353.14,873.72,1045.96,0.88,34.29,sim,sim,não,não
236,7.87,2,950.45,277.56,1219.81,1074.11,0.86,34.21,sim,sim,sim,sim
237,7.91,1,623.22,352.15,873.81,1046.69,0.88,34.05,sim,sim,não,não
237,7.91,2,951.41,278.65,1221.69,1076.09,0.88,33.96,sim,sim,sim,sim
238,7.94,1,622.67,350.19,874.48,1046.88,0.88,34.32,sim,sim,não,não
238,7.94,2,952.66,278.92,1223.53,1077.48,0.88,34.86,sim,sim,sim,sim
239,7.97,1,621.69,348.28,875.29,1049.22,0.88,34.09,sim,sim,não,não
239,7.97,2,952.67,279.39,1224.02,1078.59,0.88,35.45,sim,sim,sim,sim
240,8.01,1,620.84,347.0,876.59,1053.33,0.89,34.14,sim,sim,não,não
240,8.01,2,953.39,280.42,1224.58,1078.59,0.88,35.46,sim,sim,sim,sim
241,8.04,1,619.44,346.19,878.48,1062.27,0.89,34.1,sim,sim,não,não
241,8.04,2,954.68,281.41,1225.53,1078.7,0.88,36.27,sim,sim,sim,sim
242,8.07,1,618.99,345.87,879.02,1065.29,0.89,34.12,sim,sim,não,não
242,8.07,2,955.11,281.76,1225.79,1078.66,0.88,36.32,sim,sim,sim,sim
243,8.11,1,619.78,345.69,877.75,1058.95,0.88,34.12,sim,sim,não,não
243,8.11,2,955.94,282.65,1226.29,1078.43,0.88,36.03,sim,sim,sim,sim
244,8.14,1,620.33,345.92,877.1,1054.69,0.88,34.27,sim,sim,não,não
244,8.14,2,958.82,284.35,1227.89,1077.38,0.87,36.24,sim,sim,sim,sim
245,8.17,1,620.7,346.11,877.06,1052.15,0.88,34.21,sim,sim,não,não
245,8.17,2,960.17,285.56,1228.08,1075.08,0.86,37.26,sim,sim,sim,sim
246,8.21,1,620.52,345.88,877.63,1052.41,0.88,34.32,sim,sim,não,não
246,8.21,2,963.36,285.74,1230.63,1075.39,0.87,36.82,sim,sim,sim,sim
247,8.24,1,622.16,346.66,874.11,1035.14,0.88,34.11,sim,sim,não,não
247,8.24,2,966.26,285.88,1232.35,1074.51,0.87,36.32,sim,sim,sim,sim
248,8.27,1,622.54,346.97,873.2,1028.5,0.88,34.09,sim,sim,não,não
248,8.27,2,967.49,285.99,1232.74,1074.41,0.87,36.28,sim,sim,sim,sim
249,8.31,1,623.04,348.96,873.96,1027.87,0.88,34.59,sim,sim,não,não
249,8.31,2,970.62,285.62,1233.88,1070.35,0.87,36.91,sim,sim,sim,sim
250,8.34,1,623.23,350.16,875.21,1029.12,0.88,35.3,sim,sim,não,não
250,8.34,2,973.36,284.97,1236.0,1070.1,0.87,36.85,sim,sim,sim,sim
251,8.38,1,620.91,351.98,881.28,1053.55,0.88,36.54,sim,sim,não,não
251,8.38,2,975.77,283.71,1236.98,1066.53,0.86,37.38,sim,sim,sim,sim
252,8.41,1,619.59,353.54,883.68,1066.0,0.89,37.33,sim,sim,não,não
252,8.41,2,978.68,283.24,1236.15,1055.48,0.85,35.97,sim,sim,sim,sim
253,8.44,1,619.22,355.67,885.43,1074.74,0.9,36.71,sim,sim,não,não
253,8.44,2,981.52,282.26,1234.98,1042.27,0.85,35.03,sim,sim,sim,sim
254,8.48,1,619.17,356.47,885.96,1077.92,0.9,36.71,sim,sim,não,não
254,8.48,2,982.45,281.91,1234.52,1037.63,0.85,35.0,sim,sim,sim,sim
255,8.51,1,619.74,357.26,886.57,1079.89,0.9,36.64,sim,sim,não,não
255,8.51,2,980.71,281.6,1238.68,1057.67,0.86,35.23,sim,sim,sim,sim
256,8.54,1,620.59,357.63,887.08,1080.2,0.89,36.96,sim,sim,não,não
256,8.54,2,978.16,280.45,1239.53,1068.06,0.86,35.6,sim,sim,sim,sim
257,8.58,1,622.26,358.64,887.39,1078.95,0.89,36.77,sim,sim,não,não
257,8.58,2,979.45,280.05,1241.28,1071.14,0.84,35.07,sim,sim,sim,sim
258,8.61,1,624.77,358.77,888.15,1076.03,0.88,36.41,sim,sim,não,não
258,8.61,2,981.44,279.68,1242.39,1071.54,0.84,35.77,sim,sim,sim,sim
259,8.64,1,626.6,357.68,889.3,1075.37,0.88,36.86,sim,sim,não,não
259,8.64,2,980.71,276.84,1241.37,1069.57,0.83,36.58,sim,sim,sim,sim
260,8.68,1,627.59,357.24,889.53,1074.98,0.88,36.86,sim,sim,não,não
260,8.68,2,980.74,275.85,1240.53,1067.52,0.83,36.7,sim,sim,sim,sim
261,8.71,1,630.89,355.06,889.58,1065.16,0.86,36.89,sim,sim,não,não
261,8.71,2,984.26,276.35,1240.57,1058.8,0.83,36.88,sim,sim,sim,sim
262,8.74,1,633.08,354.55,891.39,1066.0,0.87,37.18,sim,sim,não,não
262,8.74,2,984.89,275.7,1242.1,1063.02,0.83,37.14,sim,sim,sim,sim
263,8.78,1,635.27,352.72,893.97,1067.7,0.87,37.4,sim,sim,não,não
263,8.78,2,985.07,275.28,1242.97,1069.7,0.83,37.0,sim,sim,sim,sim
264,8.81,1,637.5,352.65,895.64,1068.46,0.88,37.29,sim,sim,não,não
264,8.81,2,986.53,274.75,1241.76,1064.57,0.84,36.47,sim,sim,sim,sim
265,8.84,1,640.82,353.15,895.76,1059.9,0.87,37.94,sim,sim,não,não
265,8.84,2,988.3,274.17,1241.35,1059.48,0.84,36.85,sim,sim,sim,sim
266,8.88,1,642.0,353.3,895.83,1056.78,0.87,37.95,sim,sim,não,não
266,8.88,2,989.13,273.96,1240.98,1057.59,0.84,36.84,sim,sim,sim,sim
267,8.91,1,643.55,352.54,895.46,1050.28,0.87,37.52,sim,sim,não,não
267,8.91,2,989.56,272.7,1242.79,1063.01,0.83,36.86,sim,sim,sim,sim
268,8.94,1,643.59,350.28,895.84,1048.84,0.88,37.26,sim,sim,não,não
268,8.94,2,989.78,271.19,1243.54,1065.15,0.83,36.7,sim,sim,sim,sim
269,8.98,1,645.39,349.0,895.35,1040.31,0.88,36.24,sim,sim,não,não
269,8.98,2,989.4,270.42,1243.82,1070.36,0.83,36.7,sim,sim,sim,sim
270,9.01,1,644.84,347.24,896.42,1043.01,0.89,36.27,sim,sim,não,não
270,9.01,2,990.51,270.6,1244.46,1071.55,0.83,36.48,sim,sim,sim,sim
271,9.04,1,644.79,345.48,897.1,1043.69,0.89,36.39,sim,sim,não,não
271,9.04,2,990.7,269.79,1244.68,1073.24,0.84,37.08,sim,sim,sim,sim
272,9.08,1,644.78,344.84,897.29,1043.98,0.89,36.39,sim,sim,não,não
272,9.08,2,990.94,269.51,1244.51,1073.86,0.84,37.08,sim,sim,sim,sim
273,9.11,1,645.12,343.95,897.62,1043.45,0.89,36.55,sim,sim,não,não
273,9.11,2,992.58,269.61,1243.38,1066.24,0.82,36.55,sim,sim,sim,sim
274,9.14,1,644.4,342.62,897.44,1044.2,0.89,36.84,sim,sim,não,não
274,9.14,2,993.88,270.53,1244.23,1067.22,0.82,36.81,sim,sim,sim,sim
275,9.18,1,644.13,341.91,897.66,1045.32,0.89,36.82,sim,sim,não,não
275,9.18,2,993.3,271.1,1243.71,1070.33,0.83,37.78,sim,sim,sim,sim
276,9.21,1,644.11,341.59,897.64,1045.28,0.89,36.83,sim,sim,não,não
276,9.21,2,994.36,271.54,1243.31,1068.15,0.82,37.73,sim,sim,sim,sim
276,9.21,3,495.51,0.0,745.02,284.13,0.65,0.0,indefinido,indefinido,indefinido,indefinido
277,9.24,1,643.53,341.56,897.67,1047.52,0.89,36.73,sim,sim,não,não
277,9.24,2,994.19,271.66,1243.41,1071.83,0.83,38.21,sim,sim,sim,sim
277,9.24,3,492.04,0.0,741.61,284.46,0.5,0.0,indefinido,indefinido,indefinido,indefinido
278,9.28,1,643.34,341.54,897.63,1048.44,0.89,36.73,sim,sim,não,não
278,9.28,2,994.2,271.63,1243.13,1073.28,0.83,38.17,sim,sim,sim,sim
278,9.28,3,490.95,0.0,740.25,284.53,0.5,0.0,indefinido,indefinido,indefinido,indefinido
279,9.31,1,642.63,341.76,897.09,1049.27,0.89,36.96,sim,sim,não,não
279,9.31,2,994.82,272.69,1242.94,1074.7,0.84,37.96,sim,sim,sim,sim
279,9.31,3,491.01,0.0,740.3,285.03,0.41,0.0,indefinido,indefinido,indefinido,indefinido
280,9.34,1,642.32,340.79,896.74,1048.46,0.89,36.87,sim,sim,não,não
280,9.34,2,996.39,273.71,1244.71,1078.43,0.84,37.14,sim,sim,sim,sim
280,9.34,3,491.41,0.0,742.13,287.33,0.25,0.0,indefinido,indefinido,indefinido,indefinido
281,9.38,1,641.97,341.18,895.96,1047.2,0.89,36.86,sim,sim,não,não
281,9.38,2,998.39,274.9,1246.43,1079.82,0.84,37.36,sim,sim,sim,sim
281,9.38,3,491.35,0.0,746.64,293.17,0.13,0.0,indefinido,indefinido,indefinido,indefinido
282,9.41,1,642.7,342.14,894.69,1040.85,0.88,36.31,sim,sim,não,não
282,9.41,2,1001.29,275.81,1248.88,1080.3,0.84,37.31,sim,sim,sim,sim
282,9.41,3,493.86,0.0,751.42,296.15,0.13,0.0,indefinido,indefinido,indefinido,indefinido
283,9.44,1,642.42,343.57,893.61,1037.99,0.88,36.18,sim,sim,não,não
283,9.44,2,1003.17,277.24,1249.95,1080.44,0.84,37.44,sim,sim,sim,sim
283,9.44,3,496.66,0.0,754.24,296.46,0.12,0.0,indefinido,indefinido,indefinido,indefinido
284,9.48,1,641.95,344.03,893.71,1038.45,0.88,36.23,sim,sim,não,não
284,9.48,2,1004.06,277.71,1250.38,1080.46,0.84,37.55,sim,sim,sim,sim
284,9.48,3,497.78,0.0,754.12,295.35,0.12,0.0,indefinido,indefinido,indefinido,indefinido
285,9.51,1,638.08,344.94,896.39,1058.89,0.89,37.34,sim,sim,não,não
285,9.51,2,1005.38,279.41,1250.87,1080.43,0.84,37.53,sim,sim,sim,sim
285,9.51,3,498.65,0.0,753.54,293.81,0.24,0.0,indefinido,indefinido,indefinido,indefinido
286,9.54,1,636.4,347.19,896.26,1065.96,0.89,37.7,sim,sim,não,não
286,9.54,2,1005.78,281.33,1250.51,1080.39,0.84,38.87,sim,sim,sim,sim
286,9.54,3,499.3,0.0,755.41,294.79,0.18,0.0,indefinido,indefinido,indefinido,indefinido
287,9.58,1,634.88,348.38,896.08,1071.77,0.9,38.03,sim,sim,não,não
287,9.58,2,1005.65,283.07,1249.76,1080.35,0.84,39.29,sim,sim,sim,sim
287,9.58,3,500.71,0.0,755.87,293.12,0.14,0.0,indefinido,indefinido,indefinido,indefinido
288,9.61,1,632.76,350.88,894.76,1076.63,0.9,38.11,sim,sim,não,não
288,9.61,2,1006.14,284.36,1249.65,1080.31,0.84,38.51,sim,sim,sim,sim
288,9.61,3,501.53,0.0,751.85,287.03,0.2,0.0,indefinido,indefinido,indefinido,indefinido
289,9.64,1,630.09,352.68,892.63,1079.12,0.9,38.19,sim,sim,não,não
289,9.64,2,1006.55,285.48,1249.48,1080.27,0.84,39.33,sim,sim,sim,sim
289,9.64,3,501.18,0.0,748.7,283.29,0.4,0.0,indefinido,indefinido,indefinido,indefinido
290,9.68,1,629.04,353.35,891.92,1079.97,0.9,38.18,sim,sim,não,não
290,9.68,2,1006.68,285.86,1249.25,1080.24,0.84,39.33,sim,sim,sim,sim
290,9.68,3,501.0,0.0,747.9,282.1,0.42,0.0,indefinido,indefinido,indefinido,indefinido
291,9.71,1,626.93,356.33,889.69,1080.84,0.9,37.69,sim,sim,não,não
291,9.71,2,1007.04,286.32,1248.87,1080.21,0.83,39.56,sim,sim,sim,sim
291,9.71,3,500.9,0.0,748.5,282.32,0.4,0.0,indefinido,indefinido,indefinido,indefinido
292,9.74,1,624.74,357.83,887.45,1081.07,0.9,37.85,sim,sim,não,não
292,9.74,2,1007.94,286.45,1249.13,1080.19,0.83,40.49,sim,sim,sim,sim
292,9.74,3,500.79,0.0,748.76,281.86,0.52,0.0,indefinido,indefinido,indefinido,indefinido
293,9.78,1,622.31,357.63,885.34,1081.07,0.9,37.92,sim,sim,não,não
293,9.78,2,1009.07,286.11,1249.85,1080.16,0.83,39.96,sim,sim,sim,sim
293,9.78,3,500.9,0.0,749.38,281.55,0.53,0.0,indefinido,indefinido,indefinido,indefinido
294,9.81,1,619.71,357.89,882.94,1080.99,0.9,37.95,sim,sim,não,não
294,9.81,2,1010.6,285.17,1251.57,1080.14,0.83,39.75,sim,sim,sim,sim
294,9.81,3,498.99,0.0,747.12,280.08,0.49,0.0,indefinido,indefinido,indefinido,indefinido
295,9.84,1,616.4,358.29,880.13,1080.8,0.9,37.59,sim,sim,não,não
295,9.84,2,1011.33,284.11,1251.32,1076.62,0.83,39.79,sim,sim,sim,sim
295,9.84,3,498.73,0.0,747.67,280.33,0.53,0.0,indefinido,indefinido,indefinido,indefinido
296,9.88,1,614.86,358.26,879.24,1080.76,0.9,37.63,sim,sim,não,não
296,9.88,2,1011.75,283.7,1251.27,1075.29,0.84,39.76,sim,sim,sim,sim
296,9.88,3,498.49,0.0,748.35,280.76,0.55,0.0,indefinido,indefinido,indefinido,indefinido
297,9.91,1,613.91,359.25,877.53,1078.26,0.89,38.41,sim,sim,não,não
297,9.91,2,1012.87,283.08,1252.45,1075.77,0.84,39.76,sim,sim,sim,sim
297,9.91,3,498.82,0.0,749.49,281.22,0.59,0.0,indefinido,indefinido,indefinido,indefinido
298,9.94,1,612.46,358.53,875.31,1074.15,0.88,38.32,sim,sim,não,não
298,9.94,2,1014.22,281.52,1253.54,1073.27,0.83,40.38,sim,sim,sim,sim
298,9.94,3,498.17,0.0,747.35,279.45,0.56,0.0,indefinido,indefinido,indefinido,indefinido
299,9.98,1,611.36,357.3,871.73,1064.5,0.88,38.28,sim,sim,não,não
299,9.98,2,1017.0,279.82,1257.68,1074.16,0.84,40.16,sim,sim,sim,sim
299,9.98,3,496.9,0.0,745.72,280.08,0.37,0.0,indefinido,indefinido,indefinido,indefinido
300,10.01,1,609.81,354.78,871.58,1066.4,0.89,38.13,sim,sim,não,não
300,10.01,2,1019.28,278.86,1260.48,1071.91,0.85,40.43,sim,sim,sim,sim
300,10.01,3,495.22,0.0,743.4,281.16,0.24,0.0,indefinido,indefinido,indefinido,indefinido
301,10.04,1,607.08,352.81,870.35,1069.78,0.89,37.94,sim,sim,não,não
301,10.04,2,1020.61,278.4,1260.56,1064.92,0.85,40.44,sim,sim,sim,sim
301,10.04,3,491.44,0.0,734.56,277.73,0.3,0.0,indefinido,indefinido,indefinido,indefinido
302,10.08,1,606.23,352.07,869.81,1071.04,0.89,37.94,sim,sim,não,não
302,10.08,2,1020.86,278.21,1260.75,1062.36,0.85,40.51,sim,sim,sim,sim
302,10.08,3,490.57,0.0,730.78,276.48,0.3,0.0,indefinido,indefinido,indefinido,indefinido
303,10.11,1,604.04,351.25,867.85,1071.67,0.9,37.77,sim,sim,não,não
303,10.11,2,1019.97,277.57,1260.04,1059.57,0.85,39.96,sim,sim,sim,sim
303,10.11,3,489.81,0.0,727.31,275.45,0.19,0.0,indefinido,indefinido,indefinido,indefinido
304,10.14,1,601.79,350.85,865.35,1071.01,0.89,37.23,sim,sim,não,não
304,10.14,2,1020.03,276.32,1263.51,1063.23,0.86,39.83,sim,sim,sim,sim
304,10.14,3,486.97,0.0,720.73,273.45,0.17,0.0,indefinido,indefinido,indefinido,indefinido
305,10.18,1,599.26,349.74,861.64,1067.19,0.89,37.72,sim,sim,não,não
305,10.18,2,1018.47,275.07,1266.63,1070.64,0.88,39.53,sim,sim,sim,sim
305,10.18,3,485.51,0.0,719.8,276.41,0.12,0.0,indefinido,indefinido,indefinido,indefinido
306,10.21,1,596.81,348.8,858.66,1064.78,0.88,37.14,sim,sim,não,não
306,10.21,2,1017.27,274.15,1269.0,1073.62,0.88,38.92,sim,sim,sim,sim
307,10.24,1,593.82,348.55,854.89,1061.45,0.88,37.59,sim,sim,não,não
307,10.24,2,1015.93,273.48,1271.18,1075.68,0.89,38.64,sim,sim,sim,sim
308,10.28,1,592.44,348.55,853.85,1061.71,0.88,37.63,sim,sim,não,não
308,10.28,2,1014.58,273.13,1272.56,1076.53,0.89,38.8,sim,sim,sim,sim
309,10.31,1,589.73,346.88,853.02,1065.22,0.88,38.57,sim,sim,não,não
309,10.31,2,1011.66,271.66,1272.76,1077.17,0.89,39.01,sim,sim,sim,sim
310,10.34,1,587.35,345.57,851.89,1068.08,0.89,38.85,sim,sim,não,não
310,10.34,2,1008.74,270.51,1272.5,1075.19,0.89,38.56,sim,sim,sim,sim
311,10.38,1,585.27,344.98,849.86,1067.68,0.89,38.63,sim,sim,não,não
311,10.38,2,1005.88,269.91,1272.28,1073.38,0.89,39.46,sim,sim,sim,sim
312,10.41,1,584.22,345.13,847.71,1064.59,0.9,37.95,sim,sim,não,não
312,10.41,2,1003.06,268.58,1273.15,1074.56,0.88,39.26,sim,sim,sim,sim
313,10.44,1,582.81,345.01,846.07,1063.35,0.9,38.03,sim,sim,não,não
313,10.44,2,1002.08,268.39,1275.06,1074.61,0.89,39.46,sim,sim,sim,sim
314,10.48,1,582.25,344.97,845.59,1063.05,0.9,38.04,sim,sim,não,não
314,10.48,2,1000.94,268.36,1276.51,1074.64,0.89,39.48,sim,sim,sim,sim
315,10.51,1,579.04,344.75,845.48,1072.13,0.91,38.1,sim,sim,não,não
315,10.51,2,999.77,268.23,1278.43,1077.05,0.9,39.29,sim,sim,sim,sim
316,10.54,1,576.98,344.56,844.02,1074.06,0.9,38.24,sim,sim,não,não
316,10.54,2,998.77,268.53,1279.67,1077.64,0.9,39.12,sim,sim,sim,sim
317,10.58,1,574.06,344.68,841.12,1074.57,0.91,37.74,sim,sim,não,não
317,10.58,2,997.37,268.61,1280.28,1077.45,0.91,39.13,sim,sim,sim,sim
318,10.61,1,571.94,344.44,839.19,1076.01,0.91,37.54,sim,sim,não,não
318,10.61,2,995.99,268.51,1281.13,1078.9,0.91,39.05,sim,sim,sim,sim
319,10.64,1,570.86,344.54,836.75,1072.93,0.9,37.59,sim,sim,não,não
319,10.64,2,995.12,269.07,1281.51,1078.76,0.91,39.37,sim,sim,sim,sim
320,10.68,1,570.74,344.63,835.67,1070.73,0.9,37.58,sim,sim,não,não
320,10.68,2,994.39,269.29,1282.05,1078.73,0.91,39.34,sim,sim,sim,sim
321,10.71,1,569.7,345.98,834.94,1073.83,0.91,37.21,sim,sim,não,não
321,10.71,2,993.58,270.29,1281.92,1078.51,0.91,39.53,sim,sim,sim,sim
322,10.74,1,569.32,347.17,834.33,1075.24,0.91,37.06,sim,sim,não,não
322,10.74,2,993.72,272.08,1282.48,1078.32,0.91,39.47,sim,sim,sim,sim
323,10.78,1,569.15,349.59,834.0,1077.23,0.91,36.78,sim,sim,não,não
323,10.78,2,992.9,273.75,1281.78,1078.5,0.91,38.77,sim,sim,sim,sim
324,10.81,1,568.51,351.04,833.54,1078.83,0.92,37.18,sim,sim,não,não
324,10.81,2,992.6,274.5,1281.79,1078.96,0.91,40.14,sim,sim,sim,sim
325,10.84,1,568.47,352.84,833.37,1079.13,0.91,37.04,sim,sim,não,não
325,10.84,2,992.54,275.69,1281.65,1079.43,0.9,41.51,sim,sim,sim,sim
326,10.88,1,568.36,353.51,833.41,1079.22,0.91,37.03,sim,sim,não,não
326,10.88,2,992.52,276.12,1281.7,1079.6,0.9,41.49,sim,sim,sim,sim
327,10.91,1,568.41,354.5,833.46,1078.54,0.91,37.08,sim,sim,não,não
327,10.91,2,991.81,277.69,1280.2,1079.96,0.89,40.08,sim,sim,sim,sim
328,10.94,1,568.43,357.02,832.79,1077.38,0.9,37.34,sim,sim,não,não
328,10.94,2,991.7,278.84,1278.56,1080.08,0.89,39.97,sim,sim,sim,sim
329,10.98,1,569.54,357.42,835.14,1079.1,0.9,37.43,sim,sim,não,não
329,10.98,2,991.68,280.58,1276.43,1080.11,0.88,38.89,sim,sim,sim,sim
330,11.01,1,570.39,358.48,836.83,1079.86,0.9,37.21,sim,sim,não,não
330,11.01,2,993.1,282.2,1275.83,1080.12,0.89,38.04,sim,sim,sim,sim
331,11.04,1,570.95,359.57,838.18,1079.63,0.91,37.28,sim,sim,não,não
331,11.04,2,992.82,282.78,1273.46,1080.11,0.88,37.63,sim,sim,sim,sim
332,11.08,1,570.83,359.89,839.08,1079.56,0.91,37.36,sim,sim,não,não
332,11.08,2,993.23,282.99,1272.08,1080.1,0.88,37.42,sim,sim,sim,sim
333,11.11,1,571.44,359.79,840.47,1078.25,0.92,37.15,sim,sim,não,não
333,11.11,2,993.1,283.15,1269.55,1080.09,0.87,38.45,sim,sim,sim,sim
334,11.14,1,571.74,360.05,841.57,1077.91,0.9,37.07,sim,sim,não,não
334,11.14,2,994.91,283.67,1268.67,1080.08,0.88,39.28,sim,sim,sim,sim
335,11.18,1,572.2,359.82,843.12,1078.82,0.9,36.93,sim,sim,não,não
335,11.18,2,996.99,283.77,1268.0,1080.07,0.87,39.99,sim,sim,sim,sim
336,11.21,1,572.87,357.9,844.96,1079.68,0.91,37.1,sim,sim,não,não
336,11.21,2,999.18,283.25,1267.51,1080.06,0.87,40.03,sim,sim,sim,sim
337,11.24,1,573.4,357.05,845.56,1077.71,0.9,37.52,sim,sim,não,não
337,11.24,2,1001.74,282.49,1267.44,1080.05,0.87,39.29,sim,sim,sim,sim
338,11.28,1,573.44,356.72,845.9,1076.95,0.9,37.5,sim,sim,não,não
338,11.28,2,1003.43,282.2,1266.62,1080.05,0.87,39.28,sim,sim,sim,sim
339,11.31,1,574.37,355.91,847.55,1076.76,0.91,37.2,sim,sim,não,não
339,11.31,2,1004.91,281.48,1264.99,1077.18,0.86,38.83,sim,sim,sim,sim
340,11.34,1,574.57,353.75,849.06,1076.98,0.92,37.64,sim,sim,não,não
340,11.34,2,1005.44,280.78,1263.12,1075.11,0.86,39.24,sim,sim,sim,sim
341,11.38,1,574.85,351.7,849.73,1074.94,0.91,38.16,sim,sim,não,não
341,11.38,2,1006.1,280.04,1261.27,1072.01,0.86,40.08,sim,sim,sim,sim
342,11.41,1,574.37,349.21,850.4,1074.99,0.91,38.03,sim,sim,não,não
342,11.41,2,1005.39,278.96,1259.26,1071.29,0.85,39.03,sim,sim,sim,sim
343,11.44,1,574.57,347.56,851.01,1073.32,0.91,38.01,sim,sim,não,não
343,11.44,2,1004.22,277.87,1256.87,1069.95,0.85,39.08,sim,sim,sim,sim
344,11.48,1,574.52,346.94,851.38,1072.82,0.91,38.04,sim,sim,não,não
344,11.48,2,1004.01,277.46,1255.71,1069.78,0.85,39.17,sim,sim,sim,sim
345,11.51,1,574.29,346.56,850.99,1070.89,0.91,38.36,sim,sim,não,não
345,11.51,2,1002.53,276.22,1253.98,1071.08,0.85,38.63,sim,sim,sim,sim
346,11.54,1,573.82,345.39,850.84,1069.28,0.91,38.04,sim,sim,não,não
346,11.54,2,1001.46,275.18,1253.24,1073.91,0.86,37.76,sim,sim,sim,sim
347,11.58,1,573.65,344.58,850.63,1066.72,0.91,37.5,sim,sim,não,não
347,11.58,2,1000.03,273.35,1252.04,1075.12,0.86,38.83,sim,sim,sim,sim
348,11.61,1,571.93,344.44,850.64,1070.14,0.92,36.55,sim,sim,não,não
348,11.61,2,998.7,271.93,1250.53,1074.24,0.86,38.15,sim,sim,sim,sim
349,11.64,1,570.01,344.6,850.2,1073.79,0.92,36.3,sim,sim,não,não
349,11.64,2,996.94,270.78,1248.67,1073.04,0.86,37.76,sim,sim,sim,sim
350,11.68,1,569.22,344.7,850.04,1075.2,0.92,36.29,sim,sim,não,não
350,11.68,2,996.39,270.37,1248.02,1072.6,0.86,37.78,sim,sim,sim,sim
351,11.71,1,568.3,344.56,849.55,1075.52,0.92,36.26,sim,sim,não,não
351,11.71,2,994.67,270.61,1246.99,1074.99,0.87,37.73,sim,sim,sim,sim
352,11.75,1,567.4,344.6,848.42,1073.81,0.91,36.34,sim,sim,não,não
352,11.75,2,993.63,268.64,1246.57,1074.24,0.87,37.54,sim,sim,sim,sim
353,11.78,1,566.08,344.15,846.62,1071.14,0.91,37.01,sim,sim,não,não
353,11.78,2,992.8,268.38,1246.37,1075.19,0.88,37.93,sim,sim,sim,sim
354,11.81,1,565.44,345.03,844.39,1065.58,0.9,36.81,sim,sim,não,não
354,11.81,2,991.66,268.0,1245.62,1074.86,0.87,37.48,sim,sim,sim,sim
355,11.85,1,564.6,345.43,842.26,1060.13,0.9,37.07,sim,sim,não,não
355,11.85,2,991.5,267.1,1245.31,1071.63,0.87,38.47,sim,sim,sim,sim
356,11.88,1,564.06,345.59,841.74,1058.01,0.9,37.11,sim,sim,não,não
356,11.88,2,991.2,266.79,1245.37,1070.87,0.87,38.53,sim,sim,sim,sim
357,11.91,1,562.32,346.62,841.74,1061.78,0.91,36.82,sim,sim,não,não
357,11.91,2,990.55,266.55,1245.79,1072.91,0.88,38.43,sim,sim,sim,sim
358,11.95,1,559.91,348.04,841.13,1067.11,0.91,37.74,sim,sim,não,não
358,11.95,2,990.22,266.37,1245.93,1073.4,0.88,36.88,sim,sim,sim,sim
359,11.98,1,557.66,348.69,840.51,1071.65,0.91,38.44,sim,sim,não,não
359,11.98,2,989.91,266.47,1245.98,1073.95,0.87,37.47,sim,sim,sim,sim
360,12.01,1,554.96,349.99,838.7,1075.35,0.91,38.55,sim,sim,não,não
360,12.01,2,989.99,267.23,1245.87,1074.5,0.86,37.24,sim,sim,sim,sim
361,12.05,1,551.86,351.28,836.19,1078.6,0.91,38.56,sim,sim,não,não
361,12.05,2,989.05,267.23,1244.93,1074.75,0.86,37.78,sim,sim,sim,sim
362,12.08,1,550.77,351.76,835.22,1079.82,0.92,38.56,sim,sim,não,não
362,12.08,2,988.78,267.25,1244.59,1074.84,0.86,37.77,sim,sim,sim,sim
363,12.11,1,549.48,353.31,833.19,1079.49,0.91,37.59,sim,sim,não,não
363,12.11,2,987.87,267.73,1243.46,1076.57,0.85,37.31,sim,sim,sim,sim
364,12.15,1,547.53,354.11,830.73,1078.91,0.91,37.98,sim,sim,não,não
364,12.15,2,987.98,269.83,1243.12,1078.9,0.84,38.06,sim,sim,sim,sim
365,12.18,1,544.64,356.21,827.05,1078.86,0.91,37.62,sim,sim,não,não
365,12.18,2,988.76,270.79,1242.97,1079.8,0.84,38.75,sim,sim,sim,sim
366,12.21,1,541.51,357.91,823.31,1079.21,0.91,37.14,sim,sim,não,não
366,12.21,2,990.22,273.93,1242.01,1080.12,0.83,37.79,sim,sim,sim,sim
367,12.25,1,538.38,359.3,819.77,1079.89,0.92,37.26,sim,sim,não,não
367,12.25,2,992.78,277.05,1242.14,1080.22,0.83,37.88,sim,sim,sim,sim
368,12.28,1,537.29,359.75,818.47,1080.06,0.92,37.23,sim,sim,não,não
368,12.28,2,994.03,278.19,1241.68,1080.23,0.83,37.9,sim,sim,sim,sim
369,12.31,1,535.66,360.4,816.57,1079.82,0.92,36.54,sim,sim,não,não
369,12.31,2,995.17,279.23,1241.7,1080.22,0.82,36.39,sim,sim,sim,sim
370,12.35,1,533.07,360.04,814.04,1079.83,0.92,36.72,sim,sim,não,não
370,12.35,2,996.78,280.77,1243.04,1080.2,0.83,35.98,sim,sim,sim,sim
371,12.38,1,529.95,360.21,811.27,1080.08,0.92,37.44,sim,sim,não,não
371,12.38,2,986.24,281.9,1233.62,1080.18,0.82,37.65,sim,sim,sim,sim
372,12.41,1,526.68,359.04,808.81,1080.16,0.93,38.06,sim,sim,não,não
372,12.41,2,979.53,283.5,1228.68,1080.16,0.82,36.89,sim,sim,sim,sim
373,12.45,1,523.86,357.64,805.24,1074.78,0.92,38.1,sim,sim,não,não
373,12.45,2,982.2,285.41,1232.15,1079.29,0.82,38.61,sim,sim,sim,sim
374,12.48,1,522.66,357.09,804.23,1072.83,0.92,38.1,sim,sim,não,não
374,12.48,2,983.08,286.08,1234.18,1078.96,0.82,38.72,sim,sim,sim,sim
375,12.51,1,518.23,355.62,801.93,1075.8,0.93,38.84,sim,sim,não,não
375,12.51,2,981.86,286.82,1233.75,1078.32,0.82,39.14,sim,sim,sim,sim
376,12.55,1,514.48,351.72,800.2,1075.93,0.92,39.37,sim,sim,não,não
376,12.55,2,978.65,286.24,1231.77,1078.01,0.83,38.84,sim,sim,sim,sim
377,12.58,1,511.84,349.5,797.56,1072.89,0.92,39.11,sim,sim,não,não
377,12.58,2,973.58,285.51,1225.68,1076.69,0.78,38.19,sim,sim,sim,sim
378,12.61,1,508.79,348.36,795.56,1073.63,0.92,38.97,sim,sim,não,não
378,12.61,2,963.14,283.82,1214.47,1074.55,0.8,38.49,sim,sim,sim,sim
379,12.65,1,505.58,347.76,793.78,1075.29,0.92,38.43,sim,sim,não,não
379,12.65,2,954.31,283.7,1205.48,1073.12,0.81,36.22,sim,sim,sim,sim
380,12.68,1,504.29,347.59,793.29,1075.93,0.92,38.5,sim,sim,não,não
380,12.68,2,951.71,283.6,1202.82,1072.62,0.81,36.28,sim,sim,sim,sim
381,12.71,1,502.36,346.7,792.0,1075.97,0.91,38.47,sim,sim,não,não
381,12.71,2,954.41,282.37,1204.58,1071.93,0.83,37.59,sim,sim,sim,sim
382,12.75,1,499.91,346.02,790.17,1076.44,0.91,37.89,sim,sim,não,não
382,12.75,2,958.1,279.78,1208.48,1072.72,0.82,39.25,sim,sim,sim,sim
383,12.78,1,497.65,345.43,788.9,1077.66,0.91,38.46,sim,sim,não,não
383,12.78,2,959.8,277.84,1209.45,1071.43,0.82,41.1,sim,sim,sim,sim
384,12.81,1,495.02,344.48,786.96,1078.12,0.91,38.14,sim,sim,não,não
384,12.81,2,961.11,274.93,1211.59,1072.52,0.83,41.3,sim,sim,sim,sim
385,12.85,1,492.87,343.58,785.26,1078.17,0.91,38.42,sim,sim,não,não
385,12.85,2,959.82,273.19,1210.91,1073.49,0.84,40.84,sim,sim,sim,sim
386,12.88,1,492.12,343.27,784.72,1078.18,0.91,38.41,sim,sim,não,não
386,12.88,2,959.46,272.56,1210.65,1073.85,0.84,40.83,sim,sim,sim,sim
387,12.91,1,490.97,344.1,783.6,1078.02,0.91,38.51,sim,sim,não,não
387,12.91,2,954.25,270.34,1206.87,1074.64,0.85,40.3,sim,sim,sim,sim
388,12.95,1,490.51,343.37,783.5,1077.61,0.9,38.41,sim,sim,não,não
388,12.95,2,955.2,268.9,1207.94,1075.26,0.86,39.63,sim,sim,sim,sim
389,12.98,1,490.12,342.49,784.21,1078.38,0.91,38.75,sim,sim,não,não
389,12.98,2,954.25,266.81,1207.38,1075.92,0.87,38.86,sim,sim,sim,sim
390,13.01,1,489.25,341.29,784.39,1078.16,0.91,38.87,sim,sim,não,não
390,13.01,2,951.19,263.91,1205.56,1076.05,0.88,37.29,sim,sim,sim,sim
391,13.05,1,489.95,340.72,786.43,1077.9,0.92,38.93,sim,sim,não,não
391,13.05,2,949.97,262.25,1205.22,1076.6,0.89,37.81,sim,sim,sim,sim
392,13.08,1,489.55,340.55,786.99,1077.73,0.92,38.9,sim,sim,não,não
392,13.08,2,949.61,261.65,1205.27,1076.78,0.89,37.71,sim,sim,sim,sim
393,13.11,1,487.02,340.8,784.78,1077.64,0.91,38.13,sim,sim,não,não
393,13.11,2,947.51,260.54,1204.11,1076.55,0.88,37.73,sim,sim,sim,sim
394,13.15,1,484.6,341.0,782.37,1076.83,0.91,38.78,sim,sim,não,não
394,13.15,2,945.73,259.29,1203.87,1077.0,0.88,38.54,sim,sim,sim,sim
395,13.18,1,482.99,340.77,780.72,1076.07,0.91,39.53,sim,sim,não,não
395,13.18,2,943.88,259.12,1202.89,1075.86,0.87,38.13,sim,sim,sim,sim
396,13.21,1,481.73,341.11,779.49,1076.02,0.91,38.96,sim,sim,não,não
396,13.21,2,940.97,258.91,1201.49,1076.58,0.88,38.76,sim,sim,sim,sim
397,13.25,1,481.08,341.47,779.3,1076.51,0.92,39.66,sim,sim,não,não
397,13.25,2,938.97,258.92,1201.12,1076.99,0.87,37.99,sim,sim,sim,sim
398,13.28,1,480.83,341.58,779.45,1076.72,0.92,39.67,sim,sim,não,não
398,13.28,2,937.87,258.95,1201.37,1077.15,0.87,37.95,sim,sim,sim,sim
399,13.31,1,480.62,342.38,779.25,1076.42,0.91,39.48,sim,sim,não,não
399,13.31,2,935.71,259.41,1201.12,1078.72,0.87,37.91,sim,sim,sim,sim
400,13.35,1,480.69,345.12,778.9,1077.17,0.9,39.3,sim,sim,não,não
400,13.35,2,933.38,258.99,1200.73,1079.66,0.87,37.57,sim,sim,sim,sim
401,13.38,1,481.03,347.16,778.85,1077.03,0.9,39.39,sim,sim,não,não
401,13.38,2,932.69,258.76,1201.62,1080.01,0.87,38.04,sim,sim,sim,sim
402,13.41,1,481.97,347.97,780.16,1077.02,0.9,39.51,sim,sim,não,não
402,13.41,2,929.89,259.12,1200.38,1080.13,0.88,38.63,sim,sim,sim,sim
403,13.45,1,482.41,349.92,780.77,1077.54,0.9,39.17,sim,sim,não,não
403,13.45,2,925.4,260.31,1197.51,1080.16,0.89,38.0,sim,sim,sim,sim
404,13.48,1,482.06,350.08,780.67,1076.91,0.91,39.19,sim,sim,não,não
404,13.48,2,921.87,260.8,1195.91,1080.15,0.9,37.69,sim,sim,sim,sim
405,13.51,1,481.78,350.11,780.81,1076.69,0.91,39.18,sim,sim,não,não
405,13.51,2,919.9,261.04,1195.72,1080.14,0.9,37.67,sim,sim,sim,sim
406,13.55,1,481.59,351.27,780.35,1076.89,0.9,38.35,sim,sim,não,não
406,13.55,2,917.45,262.43,1194.77,1080.13,0.91,37.52,sim,sim,sim,sim
407,13.58,1,482.74,352.09,781.02,1076.28,0.89,38.67,sim,sim,não,não
407,13.58,2,915.83,265.41,1194.15,1079.56,0.92,37.11,sim,sim,sim,sim
408,13.61,1,483.97,351.73,782.23,1075.78,0.89,38.38,sim,sim,não,não
408,13.61,2,913.74,267.5,1193.46,1079.54,0.92,36.55,sim,sim,sim,sim
409,13.65,1,485.83,351.41,783.83,1074.99,0.89,37.83,sim,sim,não,não
409,13.65,2,910.86,268.18,1191.73,1079.73,0.92,37.67,sim,sim,sim,sim
410,13.68,1,487.09,350.58,785.37,1075.43,0.9,37.69,sim,sim,não,não
410,13.68,2,908.53,268.88,1190.04,1079.71,0.92,38.71,sim,sim,sim,sim
411,13.71,1,487.09,350.38,785.46,1075.7,0.9,37.75,sim,sim,não,não
411,13.71,2,907.47,269.09,1189.7,1079.75,0.91,38.62,sim,sim,sim,sim
412,13.75,1,488.13,349.57,787.33,1076.71,0.9,39.09,sim,sim,não,não
412,13.75,2,905.39,270.03,1187.91,1079.95,0.9,38.82,sim,sim,sim,sim
413,13.78,1,489.21,347.97,789.32,1077.75,0.9,38.78,sim,sim,não,não
413,13.78,2,903.73,271.67,1185.93,1080.02,0.9,37.11,sim,sim,não,sim
414,13.81,1,488.41,345.72,788.43,1077.57,0.91,39.78,sim,sim,não,não
414,13.81,2,902.53,272.83,1184.2,1080.04,0.9,37.74,sim,sim,sim,sim
415,13.85,1,487.72,343.03,787.34,1077.19,0.9,40.18,sim,sim,não,não
415,13.85,2,901.27,273.09,1182.22,1079.89,0.89,37.88,sim,sim,sim,sim
416,13.88,1,489.27,339.36,787.95,1076.03,0.91,39.61,sim,sim,não,não
416,13.88,2,901.19,273.11,1180.9,1079.95,0.88,38.16,sim,sim,sim,sim
417,13.91,1,490.37,337.97,787.64,1075.53,0.91,39.64,sim,sim,não,não
417,13.91,2,901.54,273.14,1180.11,1079.96,0.88,38.16,sim,sim,sim,sim
418,13.95,1,492.5,336.64,788.12,1074.33,0.91,37.93,sim,sim,não,não
418,13.95,2,901.93,272.55,1179.0,1080.0,0.86,37.8,sim,sim,sim,sim
419,13.98,1,493.9,335.59,788.34,1074.5,0.91,37.03,sim,sim,não,não
419,13.98,2,902.12,271.34,1177.74,1080.02,0.86,38.2,sim,sim,sim,sim
420,14.01,1,495.27,334.15,788.87,1074.95,0.91,37.47,sim,sim,não,não
420,14.01,2,902.18,270.29,1176.56,1080.03,0.86,37.66,sim,sim,sim,sim
